"gene_symbol","Control_GSM300173","Control_GSM300177","Control_GSM300181","Control_GSM300186","Control_GSM300189","Control_GSM300192","Control_GSM300196","Control_GSM300204","Control_GSM300208","Control_GSM300214","Control_GSM300218","Control_GSM300222","Control_GSM300228","Control_GSM300230","Control_GSM300234","Control_GSM300238","Control_GSM300242","Control_GSM300248","Control_GSM300252","Control_GSM300258","Control_GSM300261","Control_GSM300267","Control_GSM300271","Control_GSM300275","Control_GSM300279","Control_GSM300285","Control_GSM300289","Control_GSM300293","Control_GSM300297","Control_GSM300300","Control_GSM300304","Control_GSM300308","Control_GSM300312","Control_GSM300316","Control_GSM300320","Control_GSM300324","Control_GSM300328","Control_GSM300332","Control_GSM300338","AD_GSM1176196","AD_GSM1176197","AD_GSM1176198","AD_GSM1176199","AD_GSM1176200","AD_GSM1176201","AD_GSM1176202","AD_GSM1176203","AD_GSM1176204","AD_GSM1176205","AD_GSM1176206","AD_GSM1176207","AD_GSM1176208","AD_GSM1176209","AD_GSM1176210"
"ONECUT3",0.61769724,0.5719669,0.58826125,0.6337397,0.6046778,0.6176975,0.6275573,0.6470187,0.6033114,0.5706742,0.61804694,0.6330233,0.62131816,0.59686285,0.6000221,0.5675626,0.629453,0.60684747,0.58759606,0.66045237,0.62625706,0.57466894,0.6248422,0.6173484,0.6300469,0.5662801,0.64726365,0.60948443,0.6607017,0.56981415,0.6349358,0.588483,0.61723185,0.6261391,0.6272025,0.57542753,0.58903813,0.5866,0.6295718,0.89527714,0.9039266,0.8986586,0.8027354,0.85777247,0.84082216,0.9025642,0.88955706,0.86736596,0.938483,0.8932536,0.9119716,0.90734106,0.87159795,0.9302039
"RPLP2P1",0.93510485,0.9568615,0.9900764,1.3628477,1.0347311,0.9811571,1.0943204,1.0102507,0.9883981,0.9610198,1.0285074,1.020204,1.1786999,0.99362886,1.0478839,0.99738234,1.0708504,0.9388145,1.0382483,1.0830318,0.9833795,0.9525425,1.034146,1.0230927,1.1197814,0.8495439,1.1115792,0.8758902,1.1430303,0.9298312,1.0445313,0.9798633,1.1562508,1.0863036,1.0592053,0.9050987,0.9263318,0.9964429,1.0620043,0.4354509,0.48999667,0.44457507,0.40551296,0.5714832,0.4540043,0.5051924,0.4870498,0.4684968,0.50978464,0.47507867,0.5326768,0.46991217,0.43360353,0.58798534
"ANKIB1",0.8978864,0.8438871,1.6116862,2.136004,1.4971559,0.9807062,0.7973336,0.92416203,2.315938,1.186405,0.86075884,0.8876199,0.763211,1.1850634,1.1123253,1.2169878,1.0299745,2.2034929,1.3320005,0.97407293,1.6460788,1.1926843,1.2387462,1.2126365,0.9528227,1.3304954,0.9640257,1.0655258,0.9096423,0.90348935,0.9540814,1.1347766,1.2812625,1.008455,1.0639204,1.1812716,1.1386344,1.129867,0.91170293,64.653336,46.031113,42.494823,53.843777,35.741673,21.845108,40.097626,28.862133,43.287266,27.00389,38.621185,30.61647,45.60785,29.832273,28.856684
"RHCG",0.863716,0.88564646,0.8237971,0.843759,0.8436001,1.1146746,0.8674693,0.8557736,0.77732515,0.782176,0.85706574,0.88264614,0.7812916,0.83050245,0.83710456,0.80993736,0.87156725,0.851429,0.966426,0.9088184,0.7939124,0.8202327,0.8737063,0.79736257,0.8674696,0.777032,0.90556985,0.84296376,0.8439184,0.9892841,0.88681626,0.816376,0.80445904,0.9644238,0.8819809,0.80841166,0.7509648,0.8416937,0.77556854,0.3958442,0.4102028,0.48945805,0.5146102,0.4908446,0.51881427,0.40292156,0.40246618,0.3935374,0.41903526,0.43892643,0.4060479,0.3816281,0.5420945,0.58150005
"LINC03007",1.0843155,0.9590803,1.0443896,0.6722332,1.0375212,1.1030785,1.1145756,1.0828854,1.031281,0.99255884,1.0999634,1.144385,1.1133155,1.0578647,1.0696973,0.98176473,1.1249195,1.1888057,1.1417989,1.2489991,1.0426191,1.0214127,1.1028708,1.1785411,1.1355734,0.99330765,1.1552235,1.0485326,1.185002,1.0066924,1.1390045,1.0334216,1.5493364,1.3329356,1.1264052,1.1068279,1.0499176,1.036153,1.0978918,0.44339418,0.46069187,0.4505563,0.400981,0.4630431,0.41834056,0.4621707,0.45654204,0.4201201,0.696305,0.45602563,0.46778083,0.44911474,0.5135716,0.5544904
"FBRSL1",0.49788308,0.4039501,0.46258986,0.5244752,0.5158459,0.671274,0.5169168,0.5025035,0.47068307,0.46041468,0.49284032,0.52556413,0.5918436,0.48299807,0.5550978,0.47639644,0.5047826,0.48683771,0.5639582,0.54658234,0.48281613,0.47523054,0.5194568,0.51255006,0.51390463,0.41710612,0.5303419,0.50250363,0.53819793,0.47603738,0.52477235,0.46820498,0.5058303,0.522797,0.60253936,0.4402958,0.48941454,0.5246731,0.50659394,0.79854167,0.7554856,0.74235487,0.855105,0.69718415,0.72203887,0.78481084,0.7821525,0.7707348,0.81681305,0.782447,0.90571207,0.7982404,0.8233524,1.0153289
"RTF1",1.4221876,0.9489702,0.9388269,1.0586202,0.99551755,1.0119799,1.0281335,0.76429206,0.934413,0.9817257,0.7792787,1.2753605,1.3389268,0.997772,0.9833929,0.93988955,1.032601,0.99326766,0.96320915,1.0674378,0.963209,0.942196,1.0271647,1.0198327,1.0292971,1.1406773,1.0498756,0.9899023,1.59011,0.9414855,1.0400256,0.96103257,1.0125525,1.1113834,0.8716195,0.9429064,0.9397129,0.8004221,1.4099078,0.35037062,0.3425977,0.3468217,0.27397922,0.33938366,0.373023,0.34675637,0.34806648,0.337533,0.36445144,0.2597715,0.32217592,0.35455674,0.3642354,0.38828415
"ZNF621",0.7196451,0.7322358,1.1318344,2.876748,2.3225965,1.0446863,0.94891953,0.4755956,1.3492446,1.1146823,0.5196605,0.62842023,0.7008997,0.4605084,0.97319776,0.8925241,0.556993,3.670158,2.5671382,0.46688974,1.4024105,1.7291735,0.49629745,0.685738,0.6090582,1.0203555,0.42050752,0.9373622,0.35148805,1.5439439,0.4912708,1.0992393,1.1844448,0.44766828,0.6504791,1.2290293,1.2129176,1.910156,0.7636758,11.093197,6.2457194,11.011927,9.732982,12.541734,6.015761,12.725116,6.482044,8.516618,3.050523,8.004426,7.5799837,9.059876,4.817528,10.162126
"CYP2A7P1",1.739801,1.9551517,1.9603183,2.400726,2.390338,2.0410228,2.0861502,2.0468018,1.7153747,1.8399943,2.420267,2.1023378,2.1371033,1.8323787,2.3434885,1.8941976,2.18024,1.8981298,1.9514683,2.1455803,1.965499,1.913219,2.0771239,2.0464172,2.0845773,1.8083558,1.8778433,1.8640853,2.1959157,1.8909866,2.1872394,1.9496301,2.1781852,2.1508453,2.1839428,1.8690118,1.9466922,2.1480088,2.0728207,1.2605268,1.2859696,1.2569662,1.3267053,1.4871566,1.4105796,1.1669847,1.2784766,1.2086309,1.3470142,1.2698278,1.3089619,1.0702469,1.4677525,1.3251008
"IGLV3-19",0.72229075,0.6768074,0.69386125,0.75089353,0.70069695,0.72652435,0.7334053,0.7157839,0.7078668,0.66529536,0.7255664,0.74258804,1.0156467,0.6970078,0.7068,0.65213203,0.7410493,0.67184925,0.68825895,0.79129744,0.68890816,0.67362505,0.7339584,0.72817004,0.7350665,0.66141856,0.8059013,0.7006968,0.7984908,0.67045754,0.7400724,0.6876107,0.7195726,0.743428,0.74595547,0.67324394,0.6909897,0.68864864,0.7207947,0.9792914,1,0.98076874,0.91334176,0.955943,0.9242942,0.99061817,0.9850317,0.958288,1.0310125,0.98113906,0.9952977,1.003399,0.9487451,1.0159625
"C3P1",0.9132203,0.8779376,0.87976,0.98122823,0.901928,0.9223907,0.9415414,0.9190923,1.0025451,0.84736603,0.9239572,0.94367385,0.9422514,0.88909733,0.89447737,0.86773527,0.9974548,0.89380276,0.8772756,0.9771667,0.88258404,0.85700566,0.93746763,0.9302494,0.927098,0.8444954,1.0950191,0.8976866,0.9762467,0.8584606,0.9367612,0.8887621,0.9099549,0.95909804,0.9431404,0.8579753,0.8782688,0.87677956,0.9140818,0.67731375,0.69124556,0.6830838,0.70939696,0.66856045,0.7563884,0.6488173,0.68025714,0.65619767,0.70679533,0.67910355,0.6890337,0.6954281,0.78214765,0.7340922
"SLC25A46",0.8401213,1.1077788,0.7616695,0.62961125,0.38088423,1.2536119,1.0423346,1.2388105,0.9021748,0.6554083,1.2085909,1.436406,0.2986014,1.1174273,0.9950987,1.3022724,1.6749641,0.7636824,0.531255,1.6972145,0.5757892,0.41452917,1.2175096,1.0368476,1.3081788,0.87273175,1.867093,1.327307,1.7584473,0.65306497,1.6196903,0.83208203,0.9553899,1.6680313,1.543667,0.6237043,1.0049014,0.6115949,1.419714,13.239019,12.052627,7.194304,10.55993,6.7235117,13.671681,9.194088,10.614465,10.881919,21.642365,9.2567,11.359863,10.437848,24.7272,7.171288
"ST6GALNAC4",1.2904084,1.2027844,1.2316976,1.376868,1.2667866,1.2865218,1.3048421,1.2744514,1.2349529,1.1899284,1.2855524,1.3214282,1.2802312,1.2412547,1.2523023,1.1539181,1.3055799,1.2613057,1.223366,1.377387,1.2263681,1.1975805,1.309277,1.2916256,1.2987068,1.1827716,1.336965,1.2501786,1.3734981,1.1917244,1.311501,1.2265993,1.282889,1.3186904,1.3219265,1.2137173,1.2242897,1.2319297,1.2775793,0.9787379,0.99849325,0.97947544,1.0074153,0.9546825,1.0496378,0.9811395,0.9811399,0.95378256,1.2688451,0.9798452,0.999058,1,1.0800575,1.0190315
"MORN1",1.0393031,0.9654483,1.002545,1.1156479,1.0089923,1.0588826,1.0666969,1.0642859,1.0225887,0.9371143,1.0554945,1.1089383,1.189725,1.0158631,1.0652903,0.93024933,1.1089381,0.99426323,1.0029231,1.1741279,1.0057634,0.9806739,1.0636843,1.0519187,1.0765961,1.0067123,1.1089385,1.0084211,1.1200743,0.9779046,1.1037242,0.997455,1.0588824,1.0935745,1.0794415,0.9931393,1.0040587,1.0243251,1.0499376,1.317503,1.2965581,1.2502297,1.1744087,1.2089729,1.2359622,1.2953365,1.2873038,1.1980813,1.3443496,1.2970469,1.3451097,1.2812499,1.2725037,1.3350048
"KRT6A",1.631166,1.4976443,1.418765,1.8981298,1.5391488,1.5660769,1.5901756,1.7205552,1.53018,1.4265428,1.566077,1.6028168,1.9514683,1.5092652,1.5209767,1.3912183,1.6097816,1.3073039,1.4891974,1.6976794,1.4976444,1.4597338,1.5838923,1.5604774,1.5928758,1.405984,1.9150243,1.5027348,1.6503443,1.438154,1.6076591,1.4990569,1.5660769,1.6747909,1.5940775,1.4403243,1.4920082,1.813135,1.5743659,1.0518187,1.0313969,1.0740604,1.0387803,1.1579705,1.08889,1.087919,1.2406921,1.0392039,1.1235625,1.1588432,1.0329534,1.0928522,1.1107382,1.112182
"DPYSL4",0.6926479,0.6538212,0.6190349,0.6673955,0.67320853,0.65480787,0.6684028,0.64500594,0.64561456,0.5937732,0.62796813,0.67295486,0.7139941,0.69513375,0.6382326,0.6195016,0.6936938,0.6322446,0.8173333,0.6867969,0.606101,0.58356357,0.6560434,0.64890933,0.651115,0.6126492,0.68022555,0.79980385,0.68550366,0.6341545,0.6655113,0.6305781,0.6525896,0.67080116,0.650379,0.62525094,0.6601376,0.62513334,0.6836965,1,0.8648802,1.0230731,0.78983474,0.8218034,0.8372295,0.76469994,0.90644825,0.7866335,0.8982825,0.83712703,0.8630883,0.80326825,0.8844501,0.94625956
"HOXA7",0.6686219,0.63916427,0.66460043,0.8300256,0.7106018,0.723716,0.7361004,0.70712686,0.6602297,0.60447353,0.718821,0.82955664,0.82115406,0.71814376,0.857867,0.5981254,0.7362391,0.6429105,0.68779945,0.7685752,0.68779945,0.6729216,0.72262543,0.70313925,0.7351296,0.5979,0.7656833,0.70207936,0.7834978,0.71706134,0.7478503,0.6960174,0.72905666,0.7857162,0.74069417,0.6261637,0.6628486,0.6922225,0.7727891,0.91124594,0.9586499,0.97799927,0.80179745,0.92387354,0.8216082,1,0.9839183,0.9338547,1.0382296,0.9802146,1.0022646,0.99117804,0.8727231,1.1363481
"DUOX1",1.0434735,0.9722506,0.9916879,1.1570418,1.0237926,1.0409191,1.0464284,1.0224421,1.013614,0.97023636,1.0426869,1.1320132,1.0699675,1.2099113,1.0205166,0.9582387,1.0685568,1.0203242,0.9883283,1.0936245,0.99524647,1.0470202,1.0573351,1.0424902,1.0633321,0.9503231,1.0915655,1.0151436,1.1199139,0.96059006,1.0736057,0.9995714,1.0278537,1.0750226,1.067953,0.9689566,0.9933723,0.9958097,1.0438668,0.8137301,0.83517814,0.8178822,0.89680356,0.80139863,0.9361599,0.83454853,0.82252187,0.80049235,0.8592949,0.81819093,0.8882845,0.838491,0.9540403,0.860592
"METTL26",0.7646386,0.7129852,0.7440196,0.9182424,0.7682511,0.787312,0.7937205,0.7819864,0.7430384,0.7047,0.7856812,0.8019934,0.8273326,0.75889415,0.76622605,0.7139263,0.8097414,0.77377445,0.7476753,0.83674407,0.75205785,0.80471957,0.7991256,0.78242934,0.7892442,0.6667037,0.8242196,0.7752345,0.8356407,0.7345422,0.8118817,0.7493688,0.7827242,0.84546494,0.8141807,0.7162184,0.75134933,0.74739355,0.80958897,0.5790176,0.5924893,0.5806568,0.66704583,0.5469726,0.71500975,0.6127089,0.5856045,0.555703,0.6122472,0.58615637,0.61723036,0.6006995,0.72358304,0.60673183
"RAE1",5.617829,5.428342,4.3975673,5.093227,5.7139587,5.331985,7.5471907,7.608617,5.069282,4.1144357,7.175342,6.810252,3.3609183,8.173696,4.762619,7.7140574,6.607891,5.251181,3.756337,10.495063,3.8459105,3.4068515,8.025584,9.256701,7.6633244,5.867886,10.420153,7.6864696,9.044523,4.128423,9.012188,5.6157103,5.9750495,8.978258,10.2294,5.1911387,5.067371,3.8430123,6.138326,0.85519487,0.7026693,0.711466,0.67262954,0.6406668,0.9299284,0.7504562,0.8045215,0.75599414,1.1187605,0.62045866,0.628346,0.9650435,1.4746716,0.5298872
"WDR90",0.68599653,0.61959714,0.57697976,0.68367267,0.6514608,0.6601148,0.6987885,0.8157652,0.6226416,0.6141312,0.6863849,0.70301735,0.65688694,0.64949846,0.79751784,0.5381045,0.6761103,0.6592443,0.63329613,0.79511565,0.6588714,0.617964,0.74070513,0.6680018,0.67560107,0.6082548,0.7456089,0.64717597,0.70980906,0.61668366,0.7260504,0.84983087,0.6122816,0.68135655,0.79346865,0.57741475,0.63425237,0.59252244,0.69563407,0.8987797,0.82692164,0.8979323,0.808391,0.8120907,0.8580351,0.86780936,0.8942168,0.8601539,0.93754745,0.9305038,0.9066075,0.915194,0.8829018,0.92700225
"ESR1",0.7987408,0.7518374,0.7638382,0.8205668,0.781905,0.79708594,0.8085888,0.7857466,0.78175765,0.73793507,0.7976873,0.8861747,0.779256,0.7596735,0.77646995,0.7478789,0.79994625,0.79393643,0.75938696,0.8517755,0.7568146,0.7425404,0.8075224,0.8013048,0.8038771,0.73974603,0.8277144,0.8034223,0.8322517,0.6790645,0.8127157,0.7588146,0.8130214,0.81210244,0.81532407,0.74999684,0.75967366,0.7582428,0.7988915,0.943588,0.9446559,0.9270131,0.9382968,0.8996387,0.7659021,0.9176241,0.9271889,0.9004865,0.98150927,0.9257909,0.945012,0.94181055,1.0421834,0.95919204
"PIF1",0.5621395,0.5355526,0.58187175,0.61052775,0.5574958,0.5651146,0.57326984,0.566501,0.52902997,0.5399117,0.6924657,0.5778271,0.57068187,0.5391996,0.5528905,0.5232766,0.57663,0.63830465,0.5511211,0.55341166,0.5341409,0.5273372,0.5735942,0.56650144,0.57326996,0.51321375,0.5820914,0.55330735,0.6017293,0.5255506,0.66021264,0.53818417,0.56192744,0.57913554,0.57111245,0.5011663,0.53343654,0.53879344,0.56405026,0.43378207,0.47666055,0.43698287,0.4044021,0.5019301,0.46685272,0.45130005,0.4364893,0.42351943,0.45660606,0.42041686,0.444042,0.44479603,0.4361954,0.45181075
"NECTIN4",1.2107526,1.0548837,1.067286,1.1482816,1.09253,1.1070434,1.1287501,1.100177,1.0917065,1.0338174,1.1133224,1.4406047,1.1319466,1.0666826,1.2746984,0.99687755,1.1332276,1.0993483,1.0594674,1.1827768,1.0604665,1.0353781,1.1293886,1.1185819,1.1315199,1.0318702,1.1580651,1.0851399,1.2809616,1.0168077,1.1422368,1.0590682,1.1129024,1.145039,1.1409451,1.0426253,1.0540887,1.0608668,1.1508828,1.4109738,1.4291781,1.404868,1.1898587,1.3693074,1.2737277,1.4061934,1.4032815,1.3574828,1.6677936,1.3966818,1.4307954,1.4286387,1.2926638,1.4478908
"DNAAF8",0.81116724,0.8165376,0.7984228,0.9162245,0.9432152,0.8371122,0.8803277,0.8593382,0.8421777,0.7994773,0.84519964,0.97356683,0.8878277,0.82722855,0.941794,0.72975713,0.86813176,0.8374278,0.8377437,0.9043832,0.8252034,0.93049866,0.8707544,0.86404985,0.8831538,0.7763071,0.921769,0.8399573,0.91484404,0.9433929,0.87718034,0.8182325,0.98910695,0.87916654,0.8737142,0.80659246,0.75324035,0.8278526,0.9361292,0.58965015,0.5784196,0.58159024,0.5918902,0.5708369,0.5975165,0.6465935,0.5863248,0.5524147,0.6203244,0.58400774,0.5886503,0.599853,0.63097817,1.0196291
"ZNF345",0.5259284,0.48442766,0.48442766,0.5516214,0.5399943,0.56403005,0.5424431,0.528612,0.7020363,0.499545,0.5497526,0.5417278,0.7868536,0.5546455,0.53553367,0.461342,0.5409112,0.5388756,0.7097545,0.56744295,0.5102049,0.5719541,0.55600643,0.51271194,0.5565309,0.4699451,0.5404018,0.62271136,0.5848205,0.53502876,0.5623317,0.60057425,0.5902475,0.54593104,0.5628618,0.5707688,0.4987924,0.51678777,0.5149399,0.7517917,0.70498186,0.87846845,0.96517843,0.6925991,0.777332,0.752217,0.7328996,0.67341405,0.7662437,0.72397286,0.82626027,0.6813315,0.9261788,0.92748445
"MYEOV",0.64538395,0.58445567,0.63764393,0.6938383,0.6526026,1.0343564,0.6743653,0.6492889,0.6526026,0.6061131,0.65605664,0.744245,0.8324341,0.6322571,0.6480666,0.57084364,0.6671574,0.7153557,0.79291356,0.7059772,0.63154227,0.6788296,0.67487407,0.70958006,0.71805805,0.616485,0.6930544,0.6480661,0.7047808,0.61811423,0.67985463,0.63285345,0.6521106,0.67081463,0.6822939,0.62326276,0.6345262,0.63500476,0.66139674,1.0011666,0.939538,0.92425287,0.8645934,0.8984835,0.8891464,0.8511607,0.9219916,0.8823676,0.96284914,0.91368526,0.9367079,0.92529947,0.9423213,1.3089793
"LINC02987",2.865445,2.6855102,2.1657434,2.8708506,4.9372387,1.4005907,3.2746098,2.2383857,2.0942721,2.6764119,2.5993352,3.4762754,4.3341904,2.568646,3.28946,2.1788483,3.3736172,2.8353515,2.7140114,3.327505,2.6987047,2.6997235,3.2140596,3.4625394,3.485462,3.2801702,2.6723802,2.2939222,4.3760657,2.381169,2.203635,2.0793235,1.5243096,2.6303904,3.09338,3.0110984,2.316523,1.8650047,1.8650047,0.7462343,0.7241972,1.2696425,0.9386017,1.1189876,1.0284175,0.88355845,0.8870637,0.76072246,1.1359915,0.70334136,0.71524173,0.6892956,0.5832125,0.9255006
"GIPC3",1.5058129,1.3616006,1.4200636,1.5169246,1.4676956,1.4652076,1.6883764,1.4389273,1.4511873,1.3752733,1.7104828,1.8364781,1.441915,1.4367592,1.2224096,1.3729413,1.6763241,1.5796733,1.573135,1.5991495,1.3799479,1.3523905,1.5177834,2.0051165,1.3521358,1.390918,1.6668701,1.5083694,1.5598459,1.3457774,1.4899998,1.7899903,1.4599679,1.7645261,1.4939371,1.4402847,1.1147561,1.5979445,1.7088718,1.0939343,1.0504805,1.0267879,1.0516204,1.0548468,1.1143022,1.0190746,1.0408212,0.99140716,1.1475918,1.0636325,1.0291138,1.0578333,1.1780415,1.0892011
"NHSL1",0.9970692,0.95009106,0.94901687,1.0365531,0.9804792,1.0355763,1.0057536,0.9784476,0.97568524,0.9227297,0.99519134,1.1418097,0.98604006,0.9590892,0.9852968,0.9334021,1.0082215,0.98214424,0.9456234,1.0586723,0.98771465,0.9272639,1.0076514,0.99537885,1.0078417,0.924471,1.038314,0.9736634,1.0896542,0.95350015,1.0406655,0.9475868,0.9823291,1.0185375,1.0118394,0.9258662,0.9490173,0.95764387,1.0529002,0.8249447,0.85438484,0.84413755,0.8394003,0.81689715,0.8747468,0.84716743,0.8425486,0.82261485,0.8952796,0.8408028,0.8740987,0.7828224,0.93410283,0.8736045
"KHSRP",1.6634637,1.2984622,1.3092774,1.4214425,1.3453082,1.3685867,1.6572038,1.3473376,1.6565788,1.2696558,1.3670399,1.795448,1.3349495,1.3167033,1.3331891,1.46304,1.5013195,1.3181938,1.2994412,1.4844327,1.3018935,1.2824057,1.381809,1.3755711,1.3909572,1.221753,1.4338236,1.6037232,1.7765926,1.2710927,1.4017508,1.2901658,1.357537,1.3805068,1.4062496,1.2913816,1.2962611,1.3068115,1.3626658,0.9261403,0.98280513,0.9688234,1.2384892,0.93438345,1.1097742,0.7173574,0.9668174,0.9448334,1.0018871,0.96608806,0.97910625,0.9839173,1.2850366,1
"NECTIN1",0.53205615,0.49648857,0.51702607,0.5967873,0.5352757,0.54453784,0.49229437,0.5420792,0.51149994,0.49044165,0.5427956,0.5979134,0.58718944,0.52340066,0.5329598,0.4690107,0.5614252,0.5027995,0.5160521,0.5984771,0.5230062,0.508136,0.5491772,0.53456974,0.5608964,0.47793669,0.5797102,0.571463,0.59768814,0.4950865,0.5661019,0.5161496,0.5558434,0.57611436,0.5628029,0.4976129,0.5169287,0.5212344,0.5477298,0.62674046,0.65723443,0.63999367,0.5765825,0.61852413,0.6155909,0.66483617,0.65562594,0.62132865,0.6877844,0.6483734,0.675321,0.6534044,0.6267554,0.68120307
"MESD",1.367373,1.3390566,1.3115735,1.4425789,1.2819929,1.3915582,1.4044727,1.0547376,1.3899852,1.2668563,1.4231303,1.4116399,1.2936461,1.344368,1.3000033,1.2387515,1.4002427,1.3499554,1.6451536,1.4733621,1.3095964,1.5887657,1.3912961,1.4097785,1.3973421,1.3100903,1.5311313,1.344367,1.4672649,1.268051,1.4079195,1.3257432,1.4333614,1.4960337,1.5291119,1.3192604,1.3247441,1.2488345,1.1766096,1.0310125,1.050238,0.95180607,1.0714334,1.0411699,0.9993725,1.0740654,0.78264046,1.0335422,1.0858744,1.0409728,1.0454966,1.0645903,1.4411999,1.073863
"IGHM",0.87123835,0.81668353,0.7981142,0.9160428,0.8496646,0.8679594,0.8798213,0.8620883,0.8466268,0.75993675,0.8681231,0.89083713,0.8952142,0.8371039,0.8480646,0.8084113,0.87469435,0.82007754,0.8247288,0.93189377,0.82956284,0.8081068,0.87998724,0.8722245,0.86910594,0.80218685,0.9059105,0.86681455,0.93418074,0.797813,0.8891594,0.8259737,0.87123847,0.88114905,0.89050126,0.75195575,0.82737654,0.8273764,0.8669784,1.000228,0.95040953,0.9758273,0.9376966,0.93688965,0.93362564,0.9782225,0.96722007,0.9462971,1.0234998,1.1493202,0.97288865,0.99028325,0.9681643,1.0024931
"MMP24",0.9814617,0.8862962,0.9288931,1.0228311,0.8794717,1.157918,1.0170627,0.98201615,0.96658796,0.88512695,0.99806815,1.0464319,1.3125777,0.9616803,0.9770312,0.6791578,1.0282447,0.9855407,0.9492514,0.97537416,0.95607615,0.9281929,1.0069509,0.90282303,1.1019065,0.7934471,1.042101,0.96023077,1.0549493,0.9106861,1.0270829,1.0503848,0.9770307,1.04387,1.0205201,0.91567856,0.95032614,0.9584227,1.0963117,0.7310579,0.71740466,0.7147045,0.76079816,0.6788516,0.8020381,0.7248818,0.71134436,0.591681,0.75729024,0.7477851,0.73812044,0.605219,0.89184964,0.75843334
"SERPINF2",0.79978067,0.5749199,0.67534965,0.8026506,0.85497755,0.8091838,0.8707564,0.7952698,0.79063594,0.748994,0.8076598,0.82785493,0.7945205,0.7829228,0.84138644,0.7569429,0.8140802,0.8110165,1.0296363,0.84265584,0.8660085,0.75026584,0.8183888,0.7550905,0.8078123,0.75040734,0.8320795,0.78899777,0.8417038,1.0994526,0.825206,0.7669986,0.79332334,0.8131597,0.8131599,0.7696057,0.7694609,0.7964705,0.8041652,0.5784585,0.51213044,0.5838264,0.6589586,0.56434757,0.689571,0.5774779,0.5757387,0.5633905,0.60068554,0.6992599,0.5763899,0.5883569,0.7131896,0.5966226
"NDUFB7",1.2193167,1.118242,1.1915926,1.3280241,1.1572767,1.3059275,1.3143255,1.2644985,1.4983263,1.2376126,1.2922133,1.3235258,1.4154024,1.2469807,1.3717935,1.3905401,1.3046973,1.2936755,1.2317929,1.3676612,1.2465104,1.2012917,1.3103669,1.3227772,1.3489686,1.144907,1.2846838,1.3824375,1.3589233,1.2051479,1.3813963,1.2225392,1.3406016,1.2953833,1.3096263,1.190694,1.2817804,1.3215315,1.5085298,1.461847,1.5695271,1.5183033,1.3342226,1.6301441,1.3327094,1.5906768,1.5145884,1.6009053,1.7133294,1.5060453,1.6042287,1.5237522,1.7020793,1.6574135
"SLC25A37",1.4090788,1.2869257,1.3341095,1.4486749,1.3574506,1.3503038,1.4069552,1.3654064,1.3457297,1.3054968,1.3971756,1.4264526,1.4891031,1.3469986,1.3513229,0.99268377,1.5653872,1.349286,1.2966664,1.4588155,1.3171157,1.2893536,1.4045702,1.3592433,1.5837919,1.3208458,1.4424077,1.2710112,1.4862989,1.0763054,1.409345,1.4651544,1.5128725,1.5474877,1.411472,1.2815984,1.3243369,1.4098767,1.3718576,1.138217,1.124142,1.1102409,1.169652,1.0923868,1.1641332,1.0963061,1.0994111,1.073198,1.1607536,1.0971328,1.1169593,1.0601273,0.9904448,1.1356447
"CROCCP3",0.66698605,0.6440032,0.6395265,0.6997019,0.6578697,0.6752096,0.68109065,0.66247433,0.6629744,0.6378408,0.5510323,0.69300675,0.6733028,0.6460704,0.65774584,0.62640065,0.6809622,0.671022,0.68443704,0.7190928,0.63856256,0.6255747,0.67852753,0.67292225,0.68121904,0.6114659,0.7015515,0.6632242,0.72153735,0.64546144,0.6951005,0.63627946,0.75550324,0.6875408,0.6898782,0.62181187,0.78143364,0.6835347,0.67051625,0.80355185,0.79766536,0.7946629,0.68975145,0.7599394,0.7318327,0.79286754,0.761517,0.7606556,0.83301353,0.79316664,0.9591681,0.80856633,0.9076532,0.8250426
"FAM170A",0.9631086,0.90195066,0.8403874,1.0020032,0.9494078,0.9631086,0.9797742,0.95461214,0.9449437,0.8956809,0.9667469,0.99166745,0.9497658,0.9307988,0.9465485,0.9041634,0.98254883,0.9504823,0.91790336,1.0535324,0.91582924,0.89838684,0.97811306,0.9683888,0.9957889,0.8821073,1.0251235,0.93979126,1.027639,0.89449966,1.001815,0.91652036,0.97922015,1.0471958,1.0046517,0.90416366,0.9206769,0.9220663,0.9593035,1.0950565,1.0080762,1.087034,0.9903971,1.0537418,1.0391557,1.0938185,1.0929945,1.054735,1.1399244,1.0899072,1.1077223,1.1129555,1.0735283,1.1264652
"CILP",1.3383381,1.2692845,1.2628399,1.6564059,1.3054444,1.3188019,1.3375812,1.3042138,1.3074148,1.2415936,1.4148786,1.4736836,1.3121057,1.2842073,1.2842077,1.2190948,1.3469441,1.2919782,1.244171,1.4071636,1.3730958,1.2322661,1.4456159,1.3322964,1.3398528,1.2467538,1.375169,1.3071676,1.4066336,1.2397225,1.354329,1.2654614,1.3138384,1.3540728,1.3553503,1.2519352,1.0535765,1.2652228,1.3188022,1.0727637,1.0915322,1.1605016,1.0987647,1.2041864,1.1361846,1.0833318,1.080273,1.0533241,1.0301509,1.0831274,1.1394727,1.1060319,1.156791,1.1125149
"BLTP3A",0.969061,0.8427167,0.8713118,0.9987372,1.0747334,1.0133408,0.9147393,0.95906454,0.83748984,1.189459,0.9914209,0.99779624,1.0666591,0.9452436,0.9661425,0.94310707,0.9873174,0.9525777,0.9206212,1.0328206,0.92497057,0.9531166,0.98918056,0.88421905,0.98638743,0.76014376,0.99610525,0.88555306,1.0439794,0.9281146,0.993105,0.842399,0.9628693,0.99404085,0.69437754,0.90975153,0.9119845,0.92427343,0.96395916,1.1452743,1.0751804,1.4567407,1.1900606,1.1173365,1.3647708,1.1535085,1.1283438,1.2487924,1.2792943,1.1921997,1.1441951,1.1454899,1.0273635,1.168171
"CXCR6",0.46717608,0.46576914,0.47705543,0.52282965,0.4900913,0.49913597,0.5062436,0.4961336,0.4871436,0.46192142,0.4990419,0.51219565,0.49669534,0.48220938,0.48640954,0.4596627,0.5099794,0.47849658,0.47534958,0.5345907,0.4867762,0.46559346,0.50710326,0.52877724,0.5046237,0.46026975,0.5196852,0.4850357,0.5321776,0.45355108,0.51335573,0.4753497,0.49932417,0.5131619,0.52877706,0.4698257,0.47669584,0.47759533,0.49772656,0.65550214,0.66245914,0.6527886,0.44266114,0.6349468,0.4580831,0.66033936,0.6535281,0.6390293,0.685196,0.65414387,0.66333383,0.66596514,0.473504,0.67443055
"RFXAP",1.1701312,0.92272335,1.1030815,1.2639256,1.3722057,1.4330144,1.1609025,1.2002938,1.3134816,1.126833,1.1776556,1.1906035,1.2169265,1.1780995,1.1794333,1.1366472,1.2206033,1.1935246,1.1304499,1.3279223,1.2644019,1.1085016,1.2052826,1.164629,1.3608704,1.1270452,1.4602864,1.1881366,1.286524,1.4086388,1.237052,1.0989302,1.1641899,1.2617825,1.2284524,1.2952844,1.2176156,1.0046098,1.1937499,1.5228713,1.5332416,1.5343974,1.0612844,1.5509765,1.2060865,1.6078408,1.5828791,1.5724677,1.650532,1.7445967,1.5975679,1.6166555,1.683294,1.611483
"GAS2L2",1.0304593,0.97508234,0.9859887,1.0620152,1.11916,1.0439509,1.0490806,1.0242606,1.0154173,0.9621175,1.0384549,1.0646216,1.2113781,0.994014,1.0110239,0.97104627,1.0596155,1.0231034,0.9859883,1.1005383,0.9869184,0.9710465,1.074907,1.0370854,1.0826352,0.92233354,1.0805963,0.96684486,1.1519115,0.9572326,1.059616,0.98135257,1.0720733,1.070054,1.060215,0.97287863,0.9841318,0.9828338,1.0188689,0.89056206,0.89375764,0.8932519,0.9164733,0.8626357,0.93168414,0.89510643,0.8793843,0.8401651,0.9173152,0.87954944,0.86671036,0.901542,0.95362014,0.9360072
"MYOD1",0.6939416,0.64950836,0.67104113,0.7533912,0.68989795,0.7040885,0.716137,0.7014385,0.6340226,0.64938575,0.707015,0.72442013,0.7271563,0.6794427,0.68407,0.63930345,0.71816504,0.62748235,0.67116743,0.7514052,0.6733221,0.661121,0.71465343,0.74365455,0.72278327,0.5507361,0.74253416,0.68239516,0.7662833,0.64389986,0.721694,0.6687675,0.7347354,0.7318325,0.72825444,0.6522075,0.67192733,0.677141,0.70302755,0.5653261,0.5860535,0.57294375,0.5697534,0.55633944,0.6377639,0.5876023,0.5807744,0.55591965,0.6138731,0.58066446,0.58993316,0.5901556,0.64785796,0.6000281
"ALPP",0.71582085,0.6231978,0.66608214,0.7017901,0.664953,0.68338096,0.6918068,0.6157232,0.66520387,0.63398135,0.68273723,0.70060056,0.8016989,0.6290997,0.66482776,0.6151433,0.69245917,0.80746275,0.80654985,0.768693,0.655988,0.63865995,0.6885538,0.68312347,0.73275167,0.59093136,0.7097739,0.77802414,0.72083145,0.63171446,0.6434948,0.6482429,0.6683462,0.6854453,0.688554,0.51031435,0.6337424,0.65834194,0.6696077,0.835268,0.8582539,0.81535256,0.82554257,0.97785383,0.7700194,0.82774353,0.812132,0.77693665,0.86263394,0.83353734,0.8347956,0.83763313,1.1909708,0.8685084
"QRICH2",1.4069421,1.373656,1.2939682,1.8671142,2.2312255,2.2852905,1.4618303,1.3444481,1.0736604,1.2811036,1.4197317,1.4563285,1.3856201,1.3811868,1.3780661,1.1658603,1.5594808,1.3343484,1.8167664,1.5180005,1.2760415,1.2489097,1.4372362,1.1764587,1.6418452,1.9030074,1.8004012,1.2413976,1.9195826,1.2818284,1.4527647,1.2823117,1.4935879,1.4593518,1.4472969,1.5355579,1.2847315,1.3669393,1.4194642,0.82921326,0.8128067,1.478072,0.8401511,0.8071571,0.7796523,0.89062905,0.83864635,0.582304,0.87713206,0.9641981,0.85573494,0.60787916,0.93493825,0.84547216
"CSAG3",0.9324905,0.9739971,0.9023978,0.97069734,0.8910713,0.97749186,0.9668619,0.93126035,0.9130077,1.0133309,1.0520698,1.0520701,0.9289811,1.165255,0.9418548,0.86247784,0.9754669,0.9550861,0.89393157,0.9545457,0.89629394,0.88454396,0.91128796,0.9516713,1.1912432,1.0076162,0.98768073,0.9152476,1.0277611,0.8668793,0.96286035,0.90086806,0.8902316,0.9610462,0.9169751,0.8803844,0.90341944,0.8991714,0.9752834,0.77572465,0.80129045,0.78159577,0.74842334,0.77411777,0.80482316,0.8055315,0.8070519,0.7747012,0.8219459,0.7433673,0.8156169,0.54515314,0.8355449,0.82024294
"CCDC40",0.7324345,0.7580016,0.7630196,0.9413361,0.80894136,0.8260476,0.8419272,0.8068089,0.80225897,0.7496169,0.82916826,0.8478207,0.6743839,0.7953314,0.8104679,0.7491929,0.8489402,0.79833585,0.7843129,0.8754325,0.81783503,0.7920399,0.8376527,0.8301069,0.8324574,0.73797846,0.8585978,0.80453056,0.5906756,0.8457451,0.85295105,0.7730099,0.8382844,0.8307326,0.85246885,0.7592885,0.63814306,0.8263593,0.832144,0.6608762,0.6225376,0.6266585,0.58679706,0.6180941,0.7158927,0.64816695,0.64172304,0.60941553,0.6671351,0.6456058,0.7485823,0.695649,0.63967186,0.65331954
