"gene_symbol","Control_GSM300166","Control_GSM300175","Control_GSM300179","Control_GSM300183","Control_GSM300194","Control_GSM300198","Control_GSM300200","Control_GSM300202","Control_GSM300206","Control_GSM300210","Control_GSM300212","Control_GSM300216","Control_GSM300220","Control_GSM300224","Control_GSM300226","Control_GSM300232","Control_GSM300236","Control_GSM300240","Control_GSM300244","Control_GSM300246","Control_GSM300249","Control_GSM300253","Control_GSM300256","Control_GSM300259","Control_GSM300263","Control_GSM300265","Control_GSM300269","Control_GSM300273","Control_GSM300277","Control_GSM300281","Control_GSM300283","Control_GSM300287","Control_GSM300291","Control_GSM300295","Control_GSM300302","Control_GSM300306","Control_GSM300310","Control_GSM300314","Control_GSM300318","Control_GSM300322","Control_GSM300326","Control_GSM300330","Control_GSM300340","AD_GSM1176230","AD_GSM1176231","AD_GSM1176232","AD_GSM1176233","AD_GSM1176234","AD_GSM1176235","AD_GSM1176236","AD_GSM1176237","AD_GSM1176238","AD_GSM1176239","AD_GSM1176240","AD_GSM1176241","AD_GSM1176242","AD_GSM1176243","AD_GSM1176244","AD_GSM1176245","AD_GSM1176246","AD_GSM1176247","AD_GSM1176248","AD_GSM1176249","AD_GSM1176250","AD_GSM1176251","AD_GSM1176252","AD_GSM1176253","AD_GSM1176254"
"LINC03007",0.89816165,1.1329392,0.8127052,0.92603314,0.8667026,0.940469,0.8729378,0.9248111,0.9188986,0.9092424,0.96983653,0.90513456,0.88420784,0.95910203,0.803104,0.77263933,0.9104439,0.8946103,0.86327636,0.8737619,0.91423017,0.840934,0.94866604,1.0247582,0.7152674,0.8765683,0.7589164,0.7898817,1.0501995,0.89477867,0.9150931,0.84566367,0.88939404,0.83540016,0.90821344,0.9001969,0.88504213,1.0149466,0.9024071,0.8912416,0.8078143,0.8150087,0.89613044,0.3858769,0.4388406,0.37729698,0.4084835,0.56660455,0.22193788,0.36242467,0.36064938,0.36387587,0.40348414,0.3343449,0.35978076,0.37950978,0.37368438,0.3719244,0.4078674,0.37516776,0.3719245,0.44417092,0.34921536,0.37150556,0.33905044,0.3753093,0.37213528,0.41665524
"ANKIB1",0.9965862,0.78014195,0.67811286,1.2003133,0.81366074,0.52150625,1.2222488,0.7954481,0.7678771,1.259228,3.224854,0.90962404,1.2706816,0.61324596,0.83072126,1.4869008,1.1976002,1.0900091,0.7766178,0.77063406,1.3801324,1.0075498,0.9892816,0.9840694,0.86461693,1.0492543,1.010596,1.1957937,0.9265969,1.0226774,1.1111861,0.46976793,0.85214883,1.1843443,0.789022,0.80526227,1.0945421,0.9070545,0.72644883,0.90979624,1.6644633,0.6624346,1.0642049,49.476067,44.20828,35.660606,34.281963,18.969479,60.617767,29.046595,18.607552,24.159683,24.697882,28.969902,28.597906,23.459059,22.043201,16.02243,21.980911,29.424225,27.498514,26.275362,34.075665,31.551348,23.261532,26.399574,26.584435,20.165327
"RTF1",0.9892672,1.4234782,0.9306128,0.92483795,0.8563265,1.0022279,0.9558784,0.82914376,0.96986467,1.2123581,0.7955872,0.7198903,1.0228562,1.2615869,0.83086616,1.261112,0.9660307,0.96439147,0.9528186,0.9558788,0.9931937,0.97463334,0.985914,1.2485659,0.9633005,0.8090573,0.9522796,0.98628575,1.7209536,0.976289,1.2018838,0.7721963,0.8545514,0.9757373,0.9578641,1.049636,0.96420926,1.0664011,1.5728595,0.88423365,0.9015828,0.9636647,0.9660301,0.23450865,0.27789438,0.3397926,0.3374928,0.38080922,0.20857024,0.37580794,0.34356248,0.30274332,0.28601167,0.27675253,0.33552504,0.34255993,0.3246903,0.22428584,0.2670503,0.38812566,0.23938629,0.36829576,0.3352719,0.3362219,0.36510414,0.39113915,0.4325036,0.33206165
"IGLV3-19",1.057128,1.040509,0.90511036,1.0373726,0.99332565,1.0611237,0.9578102,1.1119465,1.0264716,1.0517573,1.0856233,1.0137701,1.0091913,1.1008842,0.9845577,0.8858537,1.0218352,1.0160681,1.0162603,0.9976447,1.0547373,1.0286039,1.0677505,1.0509639,1.0139618,1.0006603,0.99520165,0.96834815,1.0495768,1.0235707,1.370179,1.08014,1.0474013,1.0080497,0.99933976,1.0262783,1.0126235,1.0748236,1.0361991,1.0218347,0.9384945,0.990706,1.0164516,1.4618536,1.3866711,1.6426451,1.495072,1.5126894,0.94940346,1.4421096,1.3813297,1.5324795,1.5002422,1.2162286,1.3892896,1.5455427,1.426469,1.5024395,1.4813156,1.4192224,1.6209501,1.5267082,1.3837963,1.3977011,1.4404764,1.4090846,1.4361303,1.3666741
"RHCG",1.7585112,2.6326125,2.0082679,2.1219947,2.0124395,2.1919763,2.0906053,2.6635842,2.0937636,2.1445308,2.296095,2.1020732,2.0113013,2.1068368,2.0399601,2.0189044,1.7256494,2.07489,2.003728,2.001461,2.9918058,2.149391,2.9766073,2.2127495,2.0465128,2.0878465,2.3213568,2.6103592,2.176729,2.1336346,2.1191957,3.5566192,2.0616245,2.0530863,2.5829268,2.1136062,1.9132262,2.0961344,2.1384711,2.1380682,1.8959818,2.0643497,2.0961342,1.1973087,1.0032125,1.0020777,1.0566294,1.1997987,0.360869,1.333645,1.283967,1.0492805,1.188354,1.0824473,1.1221672,1.0582253,0.98967797,1.1847124,0.9110203,1.0259881,1.1453315,1.0798025,0.9891187,0.99849236,1.1809145,1.0192358,1.183147,0.88410085
"ONECUT3",0.54292446,0.53620666,0.5029893,0.53057176,0.481814,0.5509721,0.517523,0.5437442,0.527976,0.5440523,0.5688204,0.56667835,0.51889175,0.52967155,0.50384426,0.50327426,0.5306722,0.5240069,0.51645064,0.5137297,0.5320752,0.61086285,0.5560888,0.54848325,0.5236116,0.51781607,0.5114094,0.50489074,0.5415944,0.5289725,0.53037196,0.7094159,0.5291725,0.52479845,0.52193505,0.5247984,0.52479815,0.5346915,0.53217554,0.5265835,0.48363551,0.51121646,0.5224276,0.879559,0.7633342,0.77757716,0.81528056,0.9184339,0.35890633,0.8684994,0.8278203,0.7793393,0.92614156,0.7794198,0.74850446,0.7531778,0.78420585,0.8455174,0.82254106,0.75360465,0.8380455,0.84312147,0.75974274,0.76708716,0.9448245,0.7715862,0.86131227,0.7772837
"SLC25A46",0.5625185,0.9811591,1.2058278,0.9132867,1.0231212,1.4011978,1.0473355,0.34471026,1.4321975,1.0600579,0.9934507,0.7954927,1.1911325,1.4733014,0.4300043,0.9117372,1.1224147,1.5204554,1.8598242,1.8319675,0.5223231,1.8778032,0.42846584,2.271509,1.1719646,1.6517317,0.94500935,0.5473402,1.9581125,1.6208647,0.42460376,0.49354967,1.8357728,1.4416852,0.4913545,1.4099475,1.7162113,1.8120319,1.9103166,1.8267905,0.8480271,1.0707096,1.3747529,15.63087,9.458719,11.362277,14.451812,12.372025,8.3860855,15.65746,7.0339184,6.5203714,13.713968,16.604664,13.791277,14.286453,12.085239,5.8653383,13.034908,22.624596,7.0859227,32.64111,13.175834,17.564453,24.34933,11.985344,16.244835,21.05555
"MYEOV",1.1253407,1.0682483,0.99641675,1.1461219,1.0138607,1.110788,1.0314153,1.0578204,1.0333635,1.055628,1.1047275,1.0392276,1.0119501,1.0580196,1.0028287,0.9428372,1.0378568,1.0544337,1.014244,1.0201923,1.1055616,1.0502647,1.1511066,1.0793895,1.0134786,1.0226971,1.0153928,0.9932267,1.0686508,1.0406007,1.0370742,1.7075922,0.9129082,1.0223118,1.0279193,1.0662354,1.0316103,1.0467048,1.0550303,1.0127143,0.70646155,1.1261911,1.0380522,2.0185847,1.4461827,1.4678962,1.688756,1.8485243,1.2997153,1.5240505,1.4595417,1.4737226,1.5652546,1.3502798,1.4437298,1.4307152,1.4846052,1.4611967,1.5583537,1.4210324,1.4778488,1.5716394,1.4470015,1.4111482,1.7676089,1.4648533,1.7490125,1.4429125
"RAE1",2.7575386,6.5796814,5.9413104,5.4639482,7.0327497,6.6608553,5.968267,3.40563,6.429983,5.634569,7.8978705,4.2419014,7.804564,5.971648,4.3145375,7.3612494,6.3169713,8.748116,8.086324,8.002858,4.1965356,8.78781,3.142657,10.043499,5.856737,7.7810445,5.1691675,4.3015323,9.589872,7.614059,2.9225035,2.6945667,7.8429375,9.481942,3.0572813,7.21279,9.101631,8.54747,9.539353,10.339553,5.9739075,5.434143,8.002854,0.7501161,0.6673924,0.6666374,0.8730619,0.6374208,0.8067285,0.78430593,0.576271,0.69817084,0.8713488,0.86230373,0.72433203,1.2244477,0.7834638,0.6501871,0.8903594,1.1462148,0.6820086,1.2191464,0.83473134,0.93494207,0.9451973,1.0202738,1.0052207,1.1638635
"FBRSL1",1.3414596,1.0634707,1.0457647,1.1366996,1.0808643,1.2065201,1.1127245,1.7197895,1.1022792,1.1253914,1.0277714,1.1056106,1.0104692,1.1165094,1.0739539,0.97913253,1.0991646,1.1004092,1.3047714,0.98953074,1.1290063,1.1287931,1.554693,1.1596578,1.0596653,1.0835179,1.0913138,0.9858044,1.1324186,1.1200958,1.0993723,0.5953193,1.0256411,1.102487,1.1014472,1.0179315,1.1123053,1.3055097,1.1219993,1.1209419,0.89944434,1.0814766,1.0552766,1.7035706,1.7214923,1.7227913,1.856418,2.1200235,1.329057,1.918816,1.6210204,1.7273473,1.7110679,1.2833003,1.542204,1.732895,1.7476685,2.4826217,1.8169208,1.7368228,1.6265411,1.8658975,1.6963468,1.7198689,1.6770748,1.5888615,1.7242864,1.7420727
"LINC02987",3.193454,3.3464053,2.7632647,2.8158867,2.8142934,3.4875515,3.9806247,2.8533177,2.5164416,2.8164196,3.9994411,2.5522966,2.6300118,2.577456,3.8368583,2.8036976,3.6086898,2.8436463,3.5352433,2.8382864,3.6920056,1.8819984,4.3186097,2.6136906,4.2587404,2.747671,2.8153582,3.5566483,5.085976,5.453648,3.683659,4.711133,2.9635854,2.233619,2.6765587,2.3151295,2.6735315,3.1308222,2.9747872,4.1352396,2.7213645,2.9905436,2.1351497,1.1544925,0.84624195,0.84194267,0.94159704,1.1171709,1.27957,1.2779641,1.1944138,1.3927194,1.3584137,0.81021696,0.8861047,0.9431973,1.1899712,1.4234848,1.380426,0.69182545,1.4159766,0.93982273,0.9233044,0.8484798,1.2450869,0.9715496,1.453366,0.8739851
"ESRP2",1.2837213,1.0867488,1.0331719,1.1506759,1.0366864,1.1074442,0.98297817,1.2509693,1.0929166,1.090857,1.1298116,1.1149898,1.0227008,1.115832,1.0304476,1.0269545,1.1158327,1.0859288,1.0488831,0.9675249,1.1086985,1.0816358,1.4383775,1.080616,1.0560302,1.0455241,1.0733023,0.9981137,1.0925039,1.1701574,1.1274703,1.025735,1.0783759,1.062224,1.0690585,1.0171217,1.072897,1.0916805,1.0018864,1.1016104,0.92731804,1.1236484,1.062825,1.4403402,1.3986676,1.4140551,1.5713153,1.5654405,1.1578559,1.4433358,1.7575811,1.3984038,1.5043559,1,1.2984804,1.3451028,1.426917,1.4531823,1.5077217,1.3357474,1.6714674,1.4560113,1.3204646,1.2730131,1.4343684,1.3130125,1.5315177,1.3717532
"ART5",0.7609622,0.8869268,0.6899899,0.82869357,0.6867437,0.7579532,0.69194514,0.7390337,0.7823595,0.8497483,0.6924674,0.76686954,0.70220196,0.80938095,0.68596685,0.72072256,0.71814364,0.7999699,0.73251003,0.69587225,0.8113684,0.70778745,0.73057854,0.7491401,0.71800816,0.70352757,0.69587266,0.6777348,0.7249493,0.6870025,0.70845574,0.51855546,0.7155743,0.8634836,0.7035277,0.70021796,0.713552,0.71679056,0.72755224,0.68467414,0.6155697,0.6842869,0.70858914,1.0927368,0.88579184,0.96828085,1.160735,1.2324326,0.6278748,0.9782528,0.92699003,0.97340876,1.0396392,0.85098046,0.93913776,0.91863585,1.097697,1.099361,1.0108353,0.9664557,1.0052229,1.0968696,0.8979053,0.82373977,0.96796143,1.0610498,0.96960825,0.96063906
"DUOX1",1.5037234,1.2982156,1.2079546,1.3050908,1.27612,1.2987052,1.2459095,1.2933266,1.2584292,1.3058298,1.3758789,1.2713133,1.2433273,1.2720331,1.211835,1.2090948,1.2821525,1.2416867,1.2307264,1.228175,1.2763603,1.267961,1.4317492,1.3194486,1.2555836,1.2416863,1.2272493,1.2086387,1.2989501,1.2672431,1.2845738,0.9316261,1.2660488,1.2560575,1.2672431,1.2624717,1.2572426,1.2734748,1.3306967,1.2665267,1.1636684,1.2274806,1.2677218,1.0479517,1.004726,1.0230871,1.0991193,1.088909,0.5199942,1.0283456,1.0154157,1.0173136,1.0815821,0.93568254,1.0096663,1.017889,1.0400162,1.0438037,1.0604216,1.0286995,0.9966065,1.0939479,1.0400167,1.0123359,1.0302899,1.0167377,1.0244687,1.0321983
"RIOK3",1.1815441,1.0661045,1.0082055,1.1332974,1.0185287,1.1418815,1.0095377,1.0874314,1.0755986,1.0898963,1.1207538,1.0475633,1.0487498,1.1453328,1.0146935,0.9917945,1.0701344,1.0784429,1.2416434,1.0156506,1.1167439,1.0515233,1.1444699,1.1102327,1.0467736,1.0173762,1.0156512,0.97638625,1.082315,1.0537074,1.0753961,1.1507396,1.0301229,1.041259,1.0414551,0.9298277,1.0475632,1.0636939,1.06249,1.0489482,0.7534497,1.0221865,1.0545028,1.2901042,1.2159439,1.2351322,1.3875937,1.4909153,1.4715198,1.2859687,1.2059888,1.2412053,1.3553544,1.0788243,1.2588916,1.216402,1.2501345,1.3025905,1.374308,1.2038473,1.2451019,1.362434,1.1990881,1.2040745,1.2642953,1.2223834,1.2866977,1.2369975
"DPYSL4",1.0727954,1.0383495,0.8402747,1.0352198,1.0255014,1.0882864,1.0014131,1.417232,1.027244,1.0567267,1.0742123,1.026275,1.0025475,1.1486142,1.1378323,0.96670324,1.0070972,1.0212541,1.1309841,1.0017915,1.0671433,1.1458012,1.2360729,1.0342441,1.0164491,0.9665204,1.02899,1.0611217,1.3660454,1.0575237,1.0373708,1.719061,1.1265116,1.057325,1.0407022,1.0641283,1.143426,1.0204841,1.034634,1.0889028,0.97918385,0.98678684,1.0501684,1.357036,1.381546,1.3526622,1.44635,1.375875,1.2380859,1.3149036,1.5235976,1.3789419,1.4286366,1.2424744,1.389649,1.4713929,1.5459434,1.311927,1.5285437,1.4322317,1.3288839,1.4864587,1.3339111,1.3516419,1.4687854,1.5346115,1.3802997,1.3552163
"ZNF621",1.0643517,0.71472216,0.7573359,0.77379924,1.0143638,0.57414263,1.4918809,1.7114998,0.7235396,0.811932,3.0432394,1.0116876,1.075451,0.6063127,1.8452965,0.9812381,1.2940806,0.5409172,0.5304085,0.64210016,2.4336197,0.53201187,1.2242635,0.51590204,0.60164136,0.7662454,1.1258987,1.314006,0.36186337,0.69859225,1.2038804,1.2830304,0.5254292,0.6534641,0.98105246,0.6546982,0.6700667,0.6057413,0.49037546,0.72778326,1.4253061,0.7668245,1.0176213,17.887363,10.863423,7.0886855,4.27,3.6037967,20.363714,6.3172383,11.686121,8.376667,5.332034,5.963631,6.093408,4.5640264,10.759409,8.075234,5.836879,5.1877217,6.2590475,2.86951,8.182993,6.546247,5.0105734,4.5331383,5.380335,4.6694026
"FAM20C",1.2473038,1.073797,1.0252974,1.1356755,1.0315053,1.1429833,1.0049986,1.147087,1.0860196,0.99500126,1.1453571,1.0414771,1.0553212,1.0905358,1.0118476,0.770135,1.0293678,1.0402993,1.0206666,1.0322843,1.146222,1.2689,1.3149576,1.0956916,1.0442317,1.0479809,1.0639173,0.993126,1.0833594,1.066931,1.068745,0.6022213,1.0471907,1.04996,1.0665288,1.1990834,1.0605099,1.4664443,1.0711663,1.0583118,0.89137447,1.0489705,1.0432471,1.4589102,1.3736304,1.4159892,1.563995,1.6314926,1.8339006,1.4443796,1.6404529,1.431297,1.48343,0.81962985,1.362276,1.3900515,1.4050792,1.815211,1.5719812,1.2941386,1.4232591,1.5269711,1.3842957,1.3863857,1.4381196,1.392414,1.4235274,1.4026961
"KHSRP",0.7288472,0.7340908,0.7896875,0.7038497,0.6751092,0.7468009,0.6122597,0.69974554,0.69461656,0.7013316,0.74581546,0.68783563,0.68227893,0.7203719,0.66751117,0.65664536,0.69934994,0.6229787,0.7850834,0.7322925,0.705711,0.70517874,0.7195577,0.8801636,0.76678705,0.8998057,0.6734561,0.66524833,0.7266504,0.70797724,0.69540334,0.83818024,0.722141,0.69579685,0.684987,0.6826653,0.689915,0.782127,0.7342289,0.72981054,0.7222775,0.6725673,0.68939465,0.48699293,0.4818762,0.49579972,0.52834266,0.51246995,1.0092845,0.50354755,0.46894118,0.49917832,0.51346314,0.49440682,0.49458557,0.49253684,0.5117643,0.4650606,0.52724725,0.5931123,0.48819017,0.48957264,0.4920727,0.48874217,0.49956918,0.4892957,0.49366036,0.50229543
"KRT6A",1.4814329,1.4839505,1.4225496,1.6797523,1.3377022,1.578372,1.4012421,1.6026751,1.4395577,1.4636548,1.5553174,1.4387424,1.450735,1.4761322,1.374798,1.3629198,1.4493676,1.4263123,1.3792144,1.3698794,1.4581426,1.4303541,1.6267385,1.4833907,1.7762159,1.4078668,1.3709139,1.3382072,1.4603448,1.4263116,1.485351,0.61196196,1.4249676,1.3727251,1.4878742,1.5453744,1.412389,1.5712429,1.4406441,1.4373872,1.2891452,1.3854731,1.4198691,1.0176368,0.9781707,1.0127196,1.2211264,1.6375879,0.28670934,1.0180212,0.9588618,1.0020773,1.0604596,0.91257083,0.9700853,0.98168236,1.0592234,1.066233,1.0584245,0.9615223,0.98343813,1.077564,0.97026813,0.953574,1.0080725,0.97890884,0.9953971,0.99999994
"KRT86",1.3110604,1.3267353,1.2622786,1.3309962,1.3604431,1.3537867,1.31304,1.5607133,1.1274081,1.2256738,1.4309903,1.2950816,1.3108126,1.3185004,1.1000963,1.2689643,1.1299633,1.2980174,1.2902057,1.2499572,1.1991439,1.3362796,1.466518,1.4538472,1.3066158,0.9821831,1.2914236,1.5275084,1.3362789,1.3622397,1.1338067,1.6207224,1.3443705,1.3239845,1.4648582,1.3327551,1.5677955,1.5177429,1.3458925,1.3254839,1.0111356,1.4862926,1.1237979,1.0690671,0.7650353,1.0119966,1.0660826,1.0869832,1.1039412,1.0214986,1.0164949,0.8620673,1.1534482,0.8407639,1.0133343,1.0179316,1.0759823,1.1290395,1.0467519,0.9734244,1.0155358,1.0913143,0.9025046,1.019085,1.1597275,0.92683196,0.9743892,1.0227438
"GIPC3",1.6748859,0.90042067,0.851199,1.0039616,0.86170024,0.9671538,0.915838,0.878773,0.99004424,0.91618395,0.9368068,0.8901181,0.9250408,0.9960383,0.8584557,0.8046685,1.0644243,0.88509524,0.8641426,0.8738141,0.88326037,1.20192,0.9339838,0.92486656,1.2130816,0.87068737,0.9533877,1.0094694,0.9115291,0.8656104,0.8661011,0.98039955,0.89923227,0.86970276,0.88609743,0.90843934,0.97282654,0.8990628,0.902461,0.892641,0.7231799,0.867573,1.0620171,0.66046804,0.69404197,0.61244655,0.7426724,0.6992335,0.85215575,0.6043686,0.6562405,0.6340781,0.762445,0.59609354,0.6740421,0.6284807,0.6525225,0.6083768,0.6460307,0.62883675,0.62810796,0.53476447,0.598964,0.60726935,0.6303658,0.6271781,0.641172,0.80877626
"ANKFN1",0.8945233,0.7795912,0.7716896,0.8046937,0.8788007,0.8249828,0.7565545,0.88712895,0.80788773,0.83547616,0.8231173,0.78935766,0.75512904,0.90658426,0.7807685,0.7515761,0.8343737,0.7579833,0.7661779,0.74818116,0.852994,0.80000174,0.95072347,0.8332726,0.8919956,0.8010586,0.7898054,0.74269694,0.8189355,0.78712714,0.8380018,0.8727823,0.7772416,0.7747529,0.8015118,0.7816528,0.78534764,0.79894596,0.80257106,0.7950369,0.7328158,0.8183182,0.81354636,0.78218985,0.78537154,0.66123796,0.68847823,0.7694427,0.5677841,0.7064846,0.7805665,0.6681344,0.7275061,0.5865591,0.63663507,0.62509114,0.6704067,0.7074193,0.7252736,0.6313726,0.6835166,0.73283803,0.6336396,0.64230454,0.73478985,0.63042027,0.68235576,0.65342593
"DNAAF8",1.5154585,1.4470115,1.4767939,1.4148893,1.3735993,1.4412897,1.4058434,1.476794,1.3905458,2.0328453,1.3380488,1.4626532,1.3866162,1.4952954,1.3826984,1.365848,1.3847872,1.4280288,1.38296,1.3787915,1.4734548,1.7284116,2.188043,1.791823,1.3486927,1.3826979,1.3777523,1.2680109,1.4656924,1.4309945,1.6121895,0.9875087,1.3372924,1.4146228,1.4175609,1.4178288,1.4167587,1.4197025,1.44129,1.4242625,1.308594,1.3772324,1.3803523,1.1443965,0.9675269,0.99304503,1.0250205,1.1415902,0.77328306,1.0673593,1.7237749,0.9688052,1.0824329,0.8808361,0.96898836,0.9787243,1.0037802,1.391453,1.230608,1.0058656,1.0418664,1.0816375,0.92924595,0.97743315,1.0583266,0.9794633,0.9947567,0.9678919
"HAPSTR1",1.4850703,1.3384597,1.352674,1.6069136,1.3104769,1.401243,1.2923099,1.9445568,1.3336709,1.3703966,1.4639306,1.3326641,1.2920662,1.3531837,1.2964617,1.2993999,1.3359374,0.99385816,1.423356,1.2789716,1.5915282,1.3636912,1.8895909,1.4025655,1.339217,1.4220134,1.2775252,1.2886587,1.3552278,1.1811019,1.5819502,0.99788266,1.1375859,1.2964618,1.4545714,1.4686334,0.85496175,1.3595815,1.3742789,1.3139429,0.99705106,1.2930429,1.3149343,0.9684842,0.9462277,0.9579016,1.1940199,1.0036784,1.0724357,0.98007625,1.1205027,0.9609783,1.2268854,0.87789303,0.9494464,0.9096468,1.0582255,1.1461877,1,0.9357547,1.1932355,0.98837256,0.9148097,0.93434316,0.9534213,0.9633379,1.0118625,0.93929154
"MMP24",2.1896172,1.3506827,1.3142368,1.4344579,1.3578354,1.4417827,1.3836927,1.8659242,1.4322957,1.4540747,1.5222809,1.3939103,1.3611695,1.4817647,1.3344736,1.2045465,1.3688949,1.3800439,1.3473743,1.3422999,1.425287,1.3983884,1.7954825,1.4527037,1.4667463,1.3489,1.3461043,1.3329638,1.4325649,1.401028,1.4204562,1.2809907,1.2845786,1.3826498,1.5222809,1.3458502,1.3857828,1.4137727,1.3450881,1.3266922,1.2006904,1.3214475,1.4042039,1.1274546,1.0879812,0.9098181,1.1078635,1.7639631,0.40485248,1.1561332,1.0533465,1.0341488,1.1695851,0.9373079,0.98539394,1.0045376,1.0421782,1.0813651,1.1114218,0.87960935,1.0649489,1.1022354,1.0455258,1.0302546,1.086688,0.99962294,1.0801404,1
"METTL26",0.95581853,0.943458,0.8830107,0.94541746,0.89677626,0.99594545,0.9136812,0.94702375,0.9239078,0.9484544,1.0154861,0.92477894,0.92950165,0.9520389,0.90801156,0.87290835,0.92915136,0.92199254,0.9148893,0.8165193,0.9736531,0.99632114,1.0549294,0.9563595,0.93336743,0.90595806,0.9136821,0.8949174,0.944526,0.9226881,1.0036788,1.4080209,0.9216446,0.8937367,0.91800046,0.9454177,0.91419846,0.9470244,0.94185716,0.9291514,0.8393206,0.9059586,0.9305543,0.88177323,0.6984139,0.70171547,0.75286955,0.9043734,0.8234241,0.8715085,0.82117337,0.7218551,0.88264835,0.7627192,0.66976935,0.70250994,0.71764594,0.86233985,0.7835887,0.70237774,0.8594136,0.7647505,0.687434,0.69867754,0.8690432,0.7027753,0.8539124,0.7095689
"ZNF345",1.080108,1.0961185,0.96889555,1.135047,0.9922015,1.2662854,1.0653353,1.335724,1.0653358,1.0247303,1.1782444,1.0707749,0.99915105,1.1075498,1.0342463,0.9851143,1.061925,1.0734047,1.0553347,1.0468087,1.201135,1.1052543,1.1354758,1.1037959,1.0557325,1.0613235,0.977341,1.0284096,1.0535437,1.0835768,1.2217025,1.6555845,1.0222199,1.000849,1.0523521,1.2040844,1.0752283,1.0928153,1.2596136,1.1010923,0.9871612,1.0477968,1.0235707,1.4962754,1.4851015,1.8655446,1.6518204,1.3241702,0.692974,1.3028364,1.2753268,1.595469,1.3571478,1.1363356,1.4681106,1.3134743,1.5005898,1.4646811,1.5933629,1.4180255,1.2799118,1.6045237,1.543367,1.3875939,1.3124683,1.4881861,1.3072734,1.7833033
"C3P1",1.5259255,1.5124559,1.4295075,1.6714903,1.4362653,1.5709052,1.483911,1.5256376,1.4658272,1.5427127,1.6190424,1.4772075,1.4799974,1.5599781,1.4422387,1.424662,1.6303836,1.4937413,1.4594815,1.4658276,1.5351642,1.4943051,1.5288068,1.5456256,1.5104599,1.4567301,1.4289691,1.4022645,1.8147798,1.4928957,1.5241995,0.4863246,1.4791602,1.4774873,1.4677635,1.4786025,1.4594808,1.4906453,1.7129879,1.4937416,1.350345,1.4403358,1.4881161,1.1572602,1.0922687,1.1132792,1.3133243,1.2358747,1.7800698,1.1313279,1.0984824,1.1172764,1.1707255,1.0214454,1.092063,1.1109709,1.1242533,1.1272757,1.1821066,1.1285033,1.1101625,1.2089437,1.0887718,1.1055356,1.1907382,1.1124392,1.1453017,1.1214997
"WDR90",1.2913669,1.0369757,1.0319016,1.0798981,1.0334601,1.1950265,0.98362327,1.230949,1.1199399,1.0858221,1.0177886,1.1804621,1.0671399,1.2758689,1.0222148,1.0033014,1.0589184,1.3732762,1.0363891,1.043451,1.1555656,1.0260786,1.287961,1.1037897,1.2283974,1.0829581,1.0328761,0.96506,1.0893093,1.0609173,1.2814177,0.40895313,1.0691551,1.0593178,1.0491745,1.064727,1.0543333,1.0725895,1.078066,1.061318,0.9128218,1.0080444,1.0513543,1.6372129,1.3030742,1.457035,1.5476992,1.4835083,0.6336516,1.4255537,1.3698624,1.4608881,1.4973723,1.1381887,1.432507,1.4581342,1.4691788,1.3825986,1.7522432,1.464475,1.2148196,1.6530238,1.3414856,1.3154235,1.3917681,1.4636465,1.4385352,1.4689018
"AVPR1B",0.5771014,0.6595633,0.53304106,0.5709291,0.5411466,0.572655,0.55520946,0.560577,0.5486503,0.7169161,0.6048557,0.5523887,0.5462749,0.57427746,0.5341485,0.5356625,0.5905373,0.6072568,0.53778857,0.54761636,0.63694197,0.5582554,0.5678145,0.57547075,0.55197227,0.5411465,0.54999787,0.49030605,0.570606,0.553954,0.560683,0.47375306,0.5586768,0.55720335,0.5513478,0.5617416,0.54896075,0.56301475,0.56407756,0.55604833,0.5084862,0.5382961,0.5513478,0.67920166,0.6540628,0.667651,0.713086,0.6809998,0.8828983,0.67651314,0.6431238,0.60973704,0.70311975,0.60827285,0.67627084,0.698705,0.6687853,0.7568275,0.6918843,0.672835,0.6552618,1.0251074,0.5316963,0.6593898,0.670155,0.66338223,0.66889054,0.6713134
"MESD",0.932582,0.94000036,0.8566821,0.98669547,0.8670877,0.9144639,0.91050434,1.1897471,0.9283693,1.0656375,0.9996225,0.9026375,0.90604967,0.92924494,0.86105686,0.866434,0.9575398,0.8980522,0.7957682,0.88260067,1.5013111,0.9065627,0.9125685,0.9465842,0.90246767,0.8851016,0.8934901,1.0003775,0.9065627,0.96043366,1.0070045,0.87940633,0.90434223,0.96188456,0.8945012,1.0626262,0.8812694,0.78163385,0.8721733,0.9033195,1.3371115,0.83687586,0.8451252,0.7482454,0.77796537,0.69720536,0.79009306,0.7291337,0.9984127,0.7659752,0.6940641,0.6962852,0.76659054,0.6688421,0.6935326,0.6934012,0.6521663,0.69183934,0.7157285,0.6639598,0.70796525,0.7532701,0.67852086,0.66810554,0.7266593,0.5386225,0.84358245,0.6990489
"NECTIN4",0.75828046,0.70862764,0.5886861,0.7087612,0.6744553,0.813558,0.67394644,0.7062253,0.6914607,0.70862776,0.744531,0.6898968,0.6854864,0.70369846,0.66472936,0.66523117,0.72444206,0.68561584,0.67828333,0.67726016,0.70569247,0.6977502,0.7302045,0.7203535,0.68755853,0.6752188,0.717235,0.66060406,0.7114402,0.6885967,0.69775045,0.4160058,0.69880414,0.68303394,0.6841943,0.6848403,0.6687538,0.69775057,0.6959098,0.68367845,0.46449777,0.67738825,0.49405313,0.87203753,0.78740454,0.88409925,0.9490858,0.868258,1.5118439,0.80599517,0.7723169,0.920694,0.99835074,0.7323989,0.8199972,0.79112625,0.89281404,0.77993923,0.9481908,0.8093925,0.8031085,0.9622461,0.8534551,0.88593554,0.8038669,0.88945204,0.8035633,0.89602005
"KIR2DL1",1.031061,0.8124763,0.7687866,0.81247586,0.7754871,0.94714653,0.80106175,0.9563032,0.7977443,0.90693074,0.85444665,0.7837225,0.7930926,0.9077862,0.84228426,0.76516974,0.6821257,0.79025495,0.77753824,0.7611388,0.80302864,0.82747996,0.82576495,0.82919896,0.79684156,0.78091866,0.7743183,0.7579866,0.82592034,0.9045375,0.8000052,0.40832725,0.8147783,0.8009109,0.7924943,0.8048488,0.7983463,0.8126295,0.8296682,0.8078911,0.66786504,0.75784385,0.80212015,0.8987894,0.9682611,0.98279905,1.0378664,1.0277629,1.2652886,1.0030262,1.0225352,1.0238651,1.0145051,0.8781513,0.7581117,1.1535082,0.98502606,0.9620234,1.0327882,0.956822,0.9707839,1.0570331,0.93699485,0.9571825,1.0043532,0.75426,1.0258241,0.99211276
"SPDEF",1.1849365,1.1455922,1.0679549,1.14257,1.0772626,1.1813644,1.1119502,1.2102373,1.1286459,1.1488379,1.1979712,1.1159424,1.1004729,1.149488,1.1065104,1.0607271,1.0932312,1.1058838,1.1254572,1.1002657,1.1492714,1.1309903,1.2025005,1.1647681,1.10839,1.0988133,1.0711842,1.0414943,1.1488378,1.1167848,1.1243958,1.6555253,1.1201613,1.1042161,1.105675,1.1157327,1.1125796,1.1997811,1.1307764,1.1239716,0.9995323,1.0846041,1.1172068,1.0326269,0.9442268,0.9593081,1.0242044,1.0367308,0.7760975,1.064106,0.97722214,0.9640248,1.0581443,0.88230735,0.9433368,0.9474379,0.9698615,0.9838889,0.9879581,0.9605759,1,1.029823,0.94067097,0.9380127,1.0190653,0.95119864,1.053707,0.9540741
"RPLP2P1",1.099909,0.8431824,0.8191935,0.9956327,1.0157415,0.9855418,0.8346364,1.0633876,0.91961884,0.9253617,0.9738983,0.91356647,0.8487676,1.1007385,0.8706611,0.8425466,0.9373086,0.85021025,0.8300832,0.7632452,1.3942442,0.9625743,1.0496365,0.88540214,0.94244987,0.8054028,0.84397846,0.81364936,0.89193976,0.8590769,0.9885213,1.9745256,0.81780416,0.8668917,0.89514256,0.79934853,0.84286404,0.86313856,0.84461474,0.82930064,0.7418109,0.9189255,0.8927812,0.7165616,0.4089591,0.40382263,0.49274653,0.5471763,1.7460114,0.59774107,0.38473135,0.41824335,0.5207848,0.3574798,0.4219682,0.40711144,0.48290005,0.4454573,0.4958233,0.40412748,0.4355577,0.46013367,0.5289664,0.47111297,0.47249442,0.4058846,0.51111364,0.41205645
"OVOL1",0.797887,0.7699406,0.7230618,0.87235385,0.62189305,0.7756259,0.7383617,0.74409497,0.74311304,0.78061676,0.85443825,0.7431127,0.7462033,0.8389452,0.73005205,0.6624627,0.74381447,0.7809112,0.7351656,0.7292262,0.77168536,0.75540966,0.7684896,0.7851952,0.7450782,0.645561,0.73322666,0.7183037,0.77168524,0.7531327,0.7379446,1.1428703,0.80332386,0.75313324,0.7118285,0.75869447,0.8441845,0.6509421,0.7804693,0.75512487,0.6848265,0.73019004,0.7481768,0.94397795,0.9102396,0.92967564,1.1184582,0.99618024,0.7120576,0.9333413,0.7684943,0.9345991,0.9488488,0.8230277,0.90681213,0.9282733,0.8800157,0.7096232,0.9612413,0.92251295,1.0128751,0.9968835,0.89999497,0.91488755,0.8876117,0.9277483,0.9291207,0.9337181
"CCDC85A",0.7876546,0.73691183,0.700582,0.7287553,0.7113693,0.743755,0.71298116,0.883546,0.9458121,0.7337214,0.7273816,0.7460029,0.71486694,0.835877,0.8335159,0.7037613,0.7181111,0.7352454,0.70922554,0.70522314,0.8445949,0.7313722,0.78795195,0.82771796,0.76481265,0.6473387,0.6895685,0.7033631,0.8148589,0.7201454,0.75534964,0.81072205,0.7423534,0.6917829,0.71987396,0.72450626,0.72614783,0.7215058,0.73192406,0.69047934,0.6852889,0.7086909,0.71797514,0.92213875,0.8391444,0.9049144,0.93634546,1.1551749,1.4037777,0.8482873,0.9127824,0.89811164,1.2292875,0.7937276,0.8755286,0.81850636,0.82782334,1.1612993,1.5279827,0.8916968,0.89469093,0.9878784,0.89980775,0.88716644,0.91020006,0.8866644,0.8950288,0.8930431
"LINC00523",0.9169006,0.7711047,0.65860045,0.74634516,0.7459231,1.0209879,0.96371967,0.6974739,0.73129356,0.7680562,0.6625882,0.7969848,0.8257575,0.97671425,0.68186253,0.7039512,1.0322204,0.7259331,0.72251785,0.7151948,0.9949393,0.6619639,0.8876275,0.7619945,0.81815976,0.65192574,0.69471675,0.6884542,0.75171447,0.7114267,0.7344736,1.1373867,0.9132753,0.7293647,0.7248382,0.75072277,0.7285394,0.64544034,0.8610739,0.78771853,0.624834,0.7099528,0.6356527,0.5091918,0.49686074,0.58404475,0.62026983,0.67098767,0.50956416,0.59955627,0.6439229,0.55840266,0.63898647,0.4513901,0.5586136,0.58393425,0.60936767,0.5671731,0.69029284,0.5539959,0.65089244,0.8256234,0.55661476,0.54272074,0.6160855,0.5812967,0.6164346,0.5883574
"MALT1",0.98230964,0.79014134,0.8202119,0.89153415,0.81481445,0.91937363,0.8128185,0.92441696,0.8671509,0.88985395,0.9287868,0.86616963,0.83946615,0.98900294,1.0523297,0.81712353,0.87388396,0.86584324,0.7991356,0.82269156,0.8860012,0.91798735,0.9195474,0.9280865,0.8503041,0.85561377,0.82408994,0.77977604,0.87669057,0.9293123,0.8197482,0.97887415,0.84806126,0.82052195,0.84966236,0.804581,0.83378434,0.7859789,1.09032,0.85094607,0.74287325,1.0141314,0.8463034,0.7660211,0.67773104,0.7035239,0.7725287,0.91103745,0.7393317,0.7705191,0.75126374,0.7174626,0.81902456,0.63719165,0.9142725,0.68661,0.78161687,0.78210145,0.79770434,0.6800362,0.7463146,0.7770596,0.6720022,0.70180064,0.76169336,0.7018005,0.7376265,0.70233047
"FAM170A",0.8249703,0.8315326,0.7806092,0.83168924,0.7908364,0.84864753,0.8013487,0.8192322,0.82777625,0.8331029,0.8861116,0.8084849,0.80392253,0.8348327,0.78548414,0.7788444,0.81414825,0.80696136,0.79547507,0.7968265,0.82762,0.82232875,0.8464094,0.84736794,0.80787534,0.795925,0.79262906,0.76486653,0.83530563,0.8166087,0.8315327,0.56486964,0.8206243,0.89265573,0.80377084,0.8175342,0.80863756,0.82512623,0.8287137,0.8158395,0.74929994,0.7875616,0.8218636,0.9549425,0.9174861,0.9365468,0.9976424,0.9768321,1.584002,0.94561017,0.90148973,0.93955517,0.9742988,0.8417577,0.92147565,0.92898005,0.9456002,0.90404725,0.9864139,0.93601716,0.84398645,1.0152996,0.90630466,0.9316129,0.9413338,0.93214035,0.936546,0.9436405
"HOXA7",1.3170837,1.037862,1.0136746,1.1289611,1.0257936,1.1310925,1.024633,1.6303192,1.0791912,1.1086997,1.1388001,1.1160436,0.98762625,1.1637747,1.0259875,0.9906121,1.0958083,1.0662403,1.0071942,1.01291,1.1340839,1.0175065,1.4677079,1.0980844,1.1287482,1.0001884,1.0161642,1.0034012,0.9638826,1.0478947,1.1866094,2.4174445,0.9309999,1.0180825,1.0478947,1.0041587,1.0361009,1.0694635,1.066039,1.0227025,0.9075897,0.99981177,1.0564296,1.5330386,1.4305221,1.8830509,1.6284648,1.8984592,0.7716331,1.5180569,1.5971719,1.5438071,1.7777814,1.1609619,1.3770365,1.4032589,1.4886101,2.0821388,1.6613553,1.3819805,1.7669867,1.4484442,1.4077667,1.3953402,1.4753764,1.3827624,1.486003,1.4729674
"B9D1",0.82174337,0.8044118,0.7417364,0.7970102,0.7484835,0.87634116,0.6555222,0.8325092,0.77902395,0.8009291,0.9441351,0.7779955,0.8167974,0.86256367,0.7554344,0.73588336,0.78744614,0.75843287,0.7354672,0.9646595,0.7977623,0.7847767,0.82656324,0.96084577,0.8694251,0.9052417,0.76576525,0.7504631,0.87452424,0.78625786,0.8088247,0.8767346,0.79012406,0.7834451,0.78699994,0.79146683,0.7790237,0.75458,0.9230027,0.78789157,0.7010577,0.7602955,0.8013824,0.7380301,0.7021456,0.66639763,0.73925304,0.8066892,0.47639862,0.63107145,0.5817378,0.66614634,0.7323723,0.5717175,0.67131865,0.6694213,0.7021453,0.86884135,0.74260753,0.683071,0.66634744,0.7550385,0.6679079,0.6772969,0.7141714,0.65902174,0.67828256,0.7033386
"OAZ3",1.0049992,1.2228405,0.9085203,0.9899456,1.4132134,1.3362113,1.2591233,0.92967206,0.9294966,0.9810228,1.1073272,0.96214443,0.9239027,1.0051882,0.8714228,0.90646636,0.9639618,1.2821339,0.89457524,0.91006416,0.9710798,0.94559073,0.99500084,1.2407323,0.9171303,0.79884106,0.88550866,0.9948134,0.97419864,1.2337292,0.9438091,0.710838,1.226768,1.0426569,1.0866339,0.9418523,0.93848217,0.9480912,0.96051246,0.9466618,0.90067095,0.88835293,1.0420666,0.7760094,0.71568745,0.7516651,0.81687206,0.9090773,1.0934542,0.7593371,0.7476679,0.7572154,0.82252705,0.74330366,0.7297298,0.920305,0.92273897,0.7741066,0.8092034,0.7167685,0.7596239,0.793333,0.7033736,0.6750345,0.78856754,0.7186638,0.82342064,0.75336844
"SLC67A1-AS",1.0393205,1.5903574,1.0046215,1.170037,1.0239463,1.0766381,1.0340397,1.0139512,1.0108954,1.0673361,1.1352491,1.0108947,1.0401046,1.0489713,0.98028463,1.0061393,1.0373619,1.0318966,1.0225955,1.0301464,1.0559206,1.0833609,1.0575159,1.5597546,1.0408899,1.0291748,1.0210537,0.99537843,1.078671,1.2598377,1.032676,1.1063969,1.0661285,1.0220165,1.0365788,1.0629156,0.6676494,1.0597124,1.0744063,1.0505564,0.8105314,1.018937,1.0467974,1.3744198,1.2318115,1.283767,1.4920454,1.3671707,0.77551013,1.320976,1.3154986,1.2500703,1.3781241,1.2402232,1.2743572,1.2869186,1.2939783,1.2657797,1.3281063,1.2854636,1.313265,1.6570414,1.227636,1.2444234,1.9055316,1.2782089,1.4405974,1.2978902
"CD2",0.76102173,0.7460958,0.7011977,0.74609584,0.71199447,0.7610214,0.7898349,0.86796033,0.80335957,0.7435665,0.79536736,0.7271973,0.719013,0.80654794,0.7061093,0.7026546,0.850617,0.7199633,0.6867975,0.7134735,0.7091794,0.7335354,0.75729823,0.761596,0.72664917,0.7021243,0.6799653,0.69304454,0.7038483,0.7278836,0.8864943,0.45122847,0.7327057,0.7282961,0.7358916,0.6869271,0.7207784,0.73478216,0.74216527,0.57152057,0.66864425,0.57001334,0.7300842,0.90007013,0.8579763,1.016164,0.9287197,0.85290396,0.8032303,0.8372634,0.93277764,0.7257817,0.89638054,0.64516807,0.85716766,0.86987275,0.87927693,0.6998806,0.91170746,0.8867732,0.8068374,0.9996227,0.7948679,0.8104633,0.83473724,0.869053,0.8315902,0.97614276
"PCED1B",0.612624,0.7530471,0.57858855,0.62771493,0.6031065,0.6333053,0.7459772,0.6156361,0.61389655,0.624055,0.6767859,0.61331743,0.5698151,0.6143597,0.61971426,0.59452164,0.6171479,0.6123929,0.6060721,0.6065295,0.6272416,0.66401345,0.62925655,0.7999056,0.6154038,0.60356164,0.6742377,0.5910549,0.6346208,0.6231135,0.6149399,0.77396876,0.61644953,0.61948067,0.6053861,0.62417287,0.57728034,0.6257054,0.6262955,0.6228789,0.7861431,0.6165659,0.6179631,1.1305557,1.0611145,1.0823423,0.7656468,0.73443866,1.0348672,0.72083414,0.7004354,0.7251597,0.73433477,0.7186592,0.7547485,0.7232467,0.7967373,0.6825449,0.7524733,0.8532076,0.7004355,0.77057356,0.63008326,0.714972,0.7141941,0.71645707,0.75525665,0.72324693
"CD5",0.8986842,0.901741,0.84635794,1.0785253,0.8605255,0.9602037,0.8698282,0.88505626,0.8959754,1.0018369,0.9569484,0.88756365,0.8797295,0.9161431,0.8524471,0.8484365,0.8830554,0.8739401,0.8585801,0.85825586,0.90702933,0.8882343,0.9298993,0.91978,0.8762514,0.86851656,0.8422174,0.836359,0.9068581,0.8855569,0.7884058,0.84330547,0.90208113,0.88006175,0.8727868,0.88155735,0.87707806,0.8912556,0.8969901,0.88205606,0.8064568,0.76251584,0.86769783,0.9896656,0.99389255,1.0601289,1.3110168,1.0223416,0.7427271,0.9740889,0.93869054,1.0262829,1.0141209,0.8440041,1.0107207,1.0274447,1.0239623,0.90594655,1.1006818,1.0258958,0.9415317,1.1658686,1.0010431,1.0176077,0.9696839,1.0295795,0.96566325,1.0262829
"TAC1",0.9574226,1.7354788,0.7840481,0.99179924,0.6835683,4.1605506,0.64803183,0.03667248,0.83693135,1.2954856,0.037604213,0.5167541,1.525678,1.0135505,0.11479331,0.48264396,0.96394676,0.6037734,1.3962317,1.5407188,0.22870608,2.3389864,0.105391085,1.9515421,0.83393615,0.78939086,1.2527072,0.7232326,2.0426974,2.6366413,0.09221456,0.3853334,2.5024064,1.8258193,0.5286853,2.0831697,1.6322732,1.3680732,2.1056895,1.192523,0.12564926,0.53824604,0.46093142,0.22577325,0.58192855,7.1396885,10.949835,9.207885,0.6845461,7.0498757,1.3950939,0.9816831,3.6796205,4.0906897,6.1129856,5.5136495,4.752942,2.774348,2.6544337,5.3679147,2.1245394,20.920933,3.4275455,4.800703,10.287414,5.380081,11.065387,9.726517
"RAP1GAP",1.0345348,0.81076586,0.98743606,1.0398172,1.0079501,1.0642264,1.0277265,1.0209631,1.0194238,1.0376619,1.1217384,0.8599166,1.0184623,1.0351198,1.3543684,0.9913559,1.014819,1.0161595,1.0115697,0.9971702,1.045127,1.0292788,1.2023782,1.0749202,1.0240495,1.0163512,1.004534,1.3684936,1.0548323,1.0359012,1.0190395,1.4589723,1.0524473,1.0271451,1.1868275,1.0271451,1.0211555,1.0461135,1.0459158,1.039033,0.9600682,1.0028299,1.0279204,1.434362,1.194408,1.2160062,1.2783399,1.2598249,1.1330887,1.2482198,1.7312183,1.2199122,1.268959,1.1363881,1.1948593,1.2363608,1.2305439,1.5182635,1.2641908,1.2054996,1.2090093,0.9327098,1.1935071,1.215089,1.2505797,1.2245232,1.2538908,1.2335654
