"gene_symbol","Control_GSM300167","Control_GSM300176","Control_GSM300180","Control_GSM300188","Control_GSM300191","Control_GSM300195","Control_GSM300199","Control_GSM300201","Control_GSM300203","Control_GSM300207","Control_GSM300211","Control_GSM300213","Control_GSM300217","Control_GSM300221","Control_GSM300225","Control_GSM300229","Control_GSM300233","Control_GSM300237","Control_GSM300241","Control_GSM300245","Control_GSM300247","Control_GSM300250","Control_GSM300251","Control_GSM300254","Control_GSM300260","Control_GSM300264","Control_GSM300266","Control_GSM300270","Control_GSM300274","Control_GSM300278","Control_GSM300282","Control_GSM300284","Control_GSM300288","Control_GSM300292","Control_GSM300296","Control_GSM300299","Control_GSM300303","Control_GSM300307","Control_GSM300311","Control_GSM300315","Control_GSM300319","Control_GSM300323","Control_GSM300327","Control_GSM300331","Control_GSM300335","Control_GSM300341","Control_GSM318840","Control_GSM350078","AD_GSM1176255","AD_GSM1176256","AD_GSM1176257","AD_GSM1176258","AD_GSM1176259","AD_GSM1176260","AD_GSM1176261","AD_GSM1176262","AD_GSM1176263","AD_GSM1176264","AD_GSM1176265","AD_GSM1176266","AD_GSM1176267","AD_GSM1176268","AD_GSM1176269","AD_GSM1176270","AD_GSM1176271","AD_GSM1176272","AD_GSM1176273","AD_GSM1176274","AD_GSM1176275"
"ONECUT3",1.5082798,1.4080049,1.2435029,1.2776284,1.3056511,1.2506709,1.3124473,1.2613848,1.2835653,1.2322551,1.3163482,1.3022661,1.2759714,1.4166468,1.3352782,1.3266394,1.5413612,1.3587574,1.3409858,1.4445006,1.3650701,1.4030527,1.3487163,1.4528285,1.4720825,1.3864996,1.4132366,1.3898464,1.4330285,1.4690826,1.4560646,1.3332981,1.3027492,1.4298432,1.4453048,1.3151277,1.3901038,1.328363,1.3286088,1.3895893,1.3933947,1.387272,1.3092875,1.2816631,1.3092875,1.3587567,1.2100645,1.3219739,1.8889328,1.9657631,1.8638978,2.0525591,1.7869197,1.8867474,1.9249736,1.9303639,1.9632365,1.8733562,1.8850845,2.0219588,2.0077612,1.8765188,1.8840361,1.9570345,2.1003022,1.904761,2.014848,1.7849108,2.0476167
"RTF1",1.1352892,0.98642087,1.0286386,1.0309293,1.0584369,1.1946837,1.3068668,0.98605484,1.0420775,1.4279934,1.0744555,1.4051414,1.1254377,1.0722651,1.0772481,1.0370655,0.92494786,1.3665954,1.0830572,1.0890981,1.1401412,1.0915246,0.64512074,1.1705625,1.1878365,1.1084541,1.0909173,1.1185721,1.134237,1.8953992,1.1233528,1.0118014,1.5183885,1.1479912,1.1518297,1.0686923,1.2733759,1.2957672,1.0945648,1.1283637,1.3526657,1.1287824,1.0611883,1.0403403,1.0700808,1.0967999,0.75190264,1.0804492,0.3635209,0.3776758,0.36799327,0.29594976,0.4930843,0.3719464,0.37124994,0.3230203,0.3831273,0.36709774,0.37142524,0.38732168,0.3838184,0.2922718,0.2811319,0.38289413,0.38610277,0.31189522,0.38890505,0.46778354,0.3926733
"CXCR6",1.2707431,1.3409501,1.1847216,1.2347388,1.2632254,1.2301677,1.2660389,1.2116038,1.2432399,1.2053297,1.0584054,1.2487856,1.2441627,1.3729041,1.28854,1.2783062,1.2899743,1.3058593,1.2892576,1.3068279,1.3114399,1.35319,1.2926089,1.3903258,1.4224013,1.3404524,1.3549476,1.3312874,1.3846655,1.4606239,1.3808192,1.2799665,1.2695658,1.3790282,1.3818442,1.2473966,1.3322749,1.2969303,1.2945274,1.3446857,1.34587,1.3354911,1.2785434,1.2441626,1.2959688,1.3092535,1.1759671,1.2835325,1.2801021,1.7098472,1.6672977,1.7846817,1.6201588,1.6934417,1.7206408,1.6840453,1.7151653,1.6548432,1.6716006,1.7603583,1.7431426,1.6785878,1.6381524,1.7158823,1.7554696,1.6787442,1.7668995,1.5906672,1.8510816
"ANKIB1",1.0730821,0.9806041,1.2537198,0.73183304,0.6318732,1.0088235,0.6908223,0.9849775,0.81041133,0.9115145,0.78105134,0.9702943,0.8642726,0.8275721,0.7513599,0.49495697,0.7058429,0.99415374,0.90864676,0.60291314,0.61716616,0.86123276,1.7508196,0.9372254,0.8477644,1.0461645,0.8331155,0.694161,0.716525,0.81432754,0.88404757,1.1039631,1.769094,0.7268297,0.770121,0.95193803,1.03076,0.9796959,2.0341947,0.7655651,1.0149698,1.2941118,1.0034137,0.87686366,1.0233325,0.8539176,0.82298136,1.3375403,51.291462,34.033398,39.583145,27.142797,30.395113,22.422026,24.964514,27.55868,24.172434,21.935621,44.211777,24.316362,15.732809,20.542648,33.00787,60.472607,22.649265,57.285255,31.606234,22.756552,21.679464
"SLC25A46",0.4464244,1.2294244,0.7378926,0.52292883,0.2546676,0.7031601,0.6745511,0.8125881,0.64339703,1.5532951,1.5329801,0.4438656,0.8930217,1.5509932,1.1558033,0.51666415,0.9362639,1.2666816,1.6400251,1.3152721,1.4355793,0.27184498,0.5883859,2.3047786,1.6775504,1.4689722,1.8573276,0.884124,1.2528987,1.9892325,1.4995222,0.4210168,0.67580336,2.0253386,1.5923759,2.0317323,1.1868622,1.6021501,1.1362526,1.6872215,1.990987,1.7626976,0.8473664,1.2104223,1.0341036,1.6276034,0.55376774,0.59221715,11.017964,13.277546,9.344826,8.527163,19.745995,5.3824663,5.016158,8.860836,9.510943,17.734985,11.536494,14.165245,7.46971,4.3885965,7.5253167,18.150867,12.321482,17.467329,10.906162,14.250346,19.192778
"ZNF621",1.515756,0.7653573,1.0837891,1.4342685,1.4102695,1.4324081,0.99443686,1.3396589,1.3531411,0.7926569,0.5496829,1.6800636,0.8434587,0.52235454,0.7025185,0.6522955,0.49454767,1.0143657,0.5977415,0.5451151,0.53858376,1.7821127,2.4164119,0.46996072,0.42502287,0.5164793,0.5308501,0.7388611,0.45487028,0.25756794,0.48249987,1.0878158,1.4791058,0.37321454,0.5372874,0.53223,0.7060447,0.61062497,1.1329013,0.44231048,0.691244,0.81758726,1.1387992,1.0132374,1.0055631,0.59862846,1.6838061,1.1722236,12.930106,6.995115,6.6249666,6.0452657,5.3764167,9.807876,12.815848,8.089714,6.0175567,4.474153,10.383201,3.4453857,8.813316,12.791839,10.414045,7.9587708,4.168947,12.685479,6.346217,4.167317,4.5629535
"CTBP1",1.1538023,1.2263852,1.0578932,1.1244421,1.1542306,1.119449,1.1693103,1.1122069,1.1393445,1.1095296,1.1767064,1.1321844,1.150171,1.2577068,1.1767063,1.1602389,1.1791089,1.1889895,1.1832712,1.1980629,1.1936278,1.2204866,1.1512381,1.2626147,1.2955817,1.2207129,1.3752974,1.2593405,1.2556096,1.2967832,1.3679214,1.1623923,1.1520922,1.4093764,1.2684815,1.1821736,1.222525,1.1982855,1.1885478,1.2357454,1.2363751,1.300155,1.1602387,1.1380779,1.1812973,1.2067589,1.087329,1.1675775,1.4424001,1.4800619,1.4367534,1.596682,1.4281607,1.4489241,1.5841523,1.4601622,1.7777218,1.432719,1.4499092,1.5288794,1.5069253,1.4429613,1.4588089,1.5195524,1.5690907,1.505528,1.5314336,1.3384718,1.5523049
"RPLP2P1",2.524511,2.6101968,2.0851986,2.5532284,2.4105961,2.2361877,2.5338907,2.1364715,2.4970415,2.1579738,2.0713265,2.5518105,2.5362422,2.765665,3.122836,2.6758695,3.1361823,2.9841342,2.5268536,3.6491945,2.59716,2.9478354,3.0797048,2.8749568,3.3676426,2.771827,2.6748767,3.0158443,3.1936955,2.5703301,3.2667708,3.3688922,2.560342,3.1414213,2.8861752,2.2382636,2.1202905,2.0189927,3.100332,2.7513442,2.7117083,3.890282,2.59668,2.175249,2.418657,3.321748,2.1551752,2.4634693,1.1126748,1.1026103,1.2321469,1.7200508,1.2837821,1.6254985,1.3491651,1.1343418,1.4355273,1.1678288,1.0896026,1.3695114,1.3933343,1.401231,0.962122,1.1135005,1.6491507,1.0622697,1.4323686,0.97202784,1.2794107
"LINC03007",1.1844174,1.4635023,0.9905369,1.1402372,1.1737043,1.2291679,1.1754467,1.1491524,1.1831001,1.1093704,1.1609335,1.1719644,1.3636726,1.235567,1.1474496,1.1990021,1.3684859,1.2246187,1.2319074,1.3886802,1.2282568,1.2772678,1.1956719,1.7054282,1.331192,1.2376307,1.2690048,1.25171,1.6041958,2.7304044,1.3576171,1.1930139,1.1844177,1.4683956,1.3331686,1.0721568,1.1826613,1.1870563,1.1470239,1.2640733,1.2843332,1.2449971,1.1761006,1.1932356,1.177192,1.1879365,1.6915705,1.2212173,0.4637347,0.4868211,0.515774,0.53036636,0.559489,0.5176144,0.5234691,0.49676138,0.52740854,0.6524511,0.47876415,0.5021328,0.5212018,0.5108668,0.43178192,0.5504053,0.51572186,0.48727268,0.5246927,0.9479777,0.5315478
"DNAAF8",0.7726537,0.81761277,0.7372418,0.7626889,0.7745187,0.7495097,0.7808639,0.7301668,0.7605707,0.6866979,0.78115386,0.7769643,0.76453,0.81111896,0.78624004,0.7786948,0.7963646,0.81609815,0.88860196,0.7710791,0.800213,0.802591,0.9005454,0.84881985,0.8595906,0.8298318,0.8425468,0.8298322,1.088253,0.88777786,0.95029867,0.8021446,0.77236736,0.8395835,1.1158406,0.7785505,0.81655186,0.90288633,0.7535516,0.8815449,0.8256495,0.81670386,0.7316581,0.76936555,0.7364222,0.81066823,0.7453524,0.8014013,0.6726721,0.46968883,0.59868366,0.5689603,0.53942806,0.61012655,0.5976748,0.5085801,0.59677875,0.5689236,0.5381731,0.5699104,0.6372176,0.6031898,0.53202116,0.5550997,0.56991076,0.49051824,0.5702278,0.57041866,0.5688547
"SERPINF2",0.8507753,0.8991124,0.815404,0.8432361,1.1767052,0.8300491,0.8660562,0.8416738,0.8345251,0.8448016,0.7825184,0.8368499,0.6905813,0.8370046,0.8673422,0.87201893,0.8673422,0.87558395,0.87185776,0.8757457,0.87509644,0.9647536,0.856633,0.89844567,0.94492394,0.8660562,0.9074876,0.89164084,0.9147523,0.92997426,0.923958,0.85854095,0.8480978,0.9198555,0.9196848,0.8596563,0.87428564,0.8525128,0.88735205,0.90614265,0.9049247,0.8942903,0.85599756,0.8441754,0.9171301,0.8780225,0.79657364,0.8446452,0.6197135,0.6136529,0.638991,0.5820641,0.62736,0.6509604,0.65059465,0.62293994,0.66079575,0.6422337,0.61810714,0.6356586,0.68625325,0.8373141,0.83732986,0.5582781,0.64408344,0.64312834,0.72416747,0.6236082,0.6523772
"METTL26",1.4877204,1.5737042,1.3283591,1.4370158,1.4921415,1.458222,1.4712597,1.4453001,1.4698961,1.4038299,1.4808402,1.4603878,1.4359509,1.6165915,1.499353,1.4932485,1.8709434,1.5305345,1.4924188,1.5643927,1.560337,1.6612645,1.6037533,1.6904761,1.6889089,1.560337,1.601079,1.6594169,1.6600325,1.6917295,1.769704,1.6389277,1.4822137,1.6138965,1.6621895,1.2795222,1.5450772,1.472352,1.4571415,1.5898371,1.5727558,1.5606275,1.469079,1.4849651,1.4855154,1.5367908,1.40305,1.5082766,1.0666833,1.1390541,1.2644659,1.1946527,1.0621741,1.2761338,1.3535031,1.1193717,1.3502073,1.2493865,1.0740275,1.1539357,1.3095001,1.2566683,1.0900792,1.1235306,1.193324,1.07622,1.2959719,1.1915168,1.192218
"AK8",0.77282256,0.8141601,0.7337205,0.7558154,0.7701048,0.7500908,0.77511907,0.74372,0.8883015,0.73549134,0.7804559,0.8671441,0.76313925,0.7565164,0.784373,0.78045565,0.82418525,0.8708507,0.7865582,0.7937371,0.8433562,0.96739906,0.7835009,0.8677873,0.86634004,0.8129531,0.9682968,0.814311,0.8410139,0.96346086,0.8510543,0.7848093,0.709766,0.8229637,0.8121999,0.68952805,0.75539535,0.78350085,0.71319616,0.819158,0.7358665,0.8146135,0.77182025,0.7560963,0.78175926,0.7984612,0.715183,0.78060055,0.5812804,0.5379264,0.6366164,0.62418133,0.6263185,0.6470838,0.6564917,0.59281933,0.64878404,0.6315056,0.5844151,0.6175038,0.6239496,0.63649714,0.45037255,0.6038028,0.6005648,0.49421862,0.61544627,0.6156098,0.6231403
"ZNF345",1.7776216,1.8038548,2.0045874,1.9298142,1.7948463,2.0733936,1.9173301,1.7199043,1.7648119,1.8547333,1.8015153,2.562425,1.9485139,1.8403442,1.7911882,1.6683873,1.9362677,2.839137,1.7278973,1.7595837,1.7530698,1.8859473,2.0584545,1.9208897,1.9212457,1.8132448,1.891902,1.8716636,1.858865,2.019511,1.9240974,2.5959015,1.7723558,1.8768767,1.8814071,1.813917,1.875832,1.8291173,1.7183108,1.9198222,1.8932177,1.8954141,1.7865441,1.7635046,1.8058629,1.8557658,1.666533,2.1314814,2.4610744,2.5066738,2.8957818,2.6520386,2.1954484,2.4692628,2.4817927,2.6407526,2.4508166,2.6042805,2.318426,2.6183214,2.573555,3.1247725,3.2503111,2.5521688,2.9740589,2.669799,3.1611488,2.3285527,2.6212366
"RAE1",4.298472,5.8154545,6.469793,4.954531,4.865312,6.1049647,5.08673,5.6308103,5.4987288,8.511364,7.560291,2.9792032,5.340956,10.419839,8.386029,5.0744815,8.227376,8.5652,11.360302,6.746692,6.55918,3.4897537,4.8553963,9.060226,9.86515,7.6095147,7.5378933,6.509505,6.5421734,10.316017,9.385127,3.3446655,5.566442,7.899959,9.250359,8.81005,7.546282,7.9513984,10.7495575,8.409392,8.811275,9.640901,5.8143773,6.9640527,6.9705167,8.490869,0.6043965,0.719888,0.81732166,0.82569987,0.7715844,0.84443676,1.0994285,0.67720765,0.5930395,0.76667106,0.9226744,1.106458,0.79107785,1.0119698,0.55431455,0.514391,1.0531304,1.2955014,0.8428721,1.0484538,0.7932814,1.2973351,1.0816308
"MYEOV",1.2531813,1.340938,0.92869294,1.0788047,1.0996085,1.0521334,1.0914819,1.1515702,1.0824118,0.97312015,1.0951316,1.0688491,1.0714288,1.1919823,1.3905715,1.1899949,1.2154187,1.1356667,1.125812,1.2208397,1.1379848,1.1477339,1.2759262,1.2053193,1.3136193,1.0674622,1.1750845,1.1541364,1.1729068,1.2219722,1.1964117,1.110468,1.0961474,1.3265934,1.3599699,1.1199813,1.1584245,1.085427,1.1316719,1.4965272,1.1728524,1.1610059,1.105127,1.070833,1.0981818,1.1228925,1.0268838,1.1166635,1.3605404,1.582509,1.6082869,2.1063404,1.6316694,1.6286135,2.4438303,1.3978791,1.632893,1.5745783,1.5195312,1.5203762,1.9492415,1.839303,1.523198,1.4469337,1.5984355,1.3524909,1.8088847,1.5251924,1.6459602
"PTCD1",1.2566125,1.3401291,1.2115362,1.1583697,1.2654992,1.2023597,1.264326,1.194581,1.2461705,1.2294153,1.284651,1.2491788,1.2633889,1.3733362,1.2894241,1.2749208,1.2910986,1.3223559,1.2768141,1.3036083,1.3899889,1.3990405,1.3130707,1.3915375,1.4186338,1.3334359,1.355877,1.3287466,1.3769065,1.4273415,1.3954135,1.282746,1.2589453,1.3884445,1.4120729,1.2610481,1.3366544,1.2260005,1.3011932,1.3496062,1.3525497,1.3406266,1.2735028,1.2287314,1.2680832,1.3118533,1.1870747,1.2932558,0.9580262,1.0460446,1.107888,1.1085552,1.0709292,1.1187403,1.3124741,1.0414,1.1320302,1.0729386,1.0066535,1.0916235,1.2549715,1.1320306,0.9990289,1.0789452,1.0825527,1.0450749,1.0900058,1.0559784,1.107117
"HOXA7",1.2724236,1.3365132,1.1302409,1.2279179,1.2721883,1.416118,1.2712448,1.1953417,1.2648958,1.1753402,1.3114719,1.278337,1.1953422,1.3800836,1.2597463,1.3640554,1.3109853,1.313906,1.2606816,1.3439684,1.4715331,1.6256102,1.3512161,1.457142,1.4477148,1.3434702,1.3793164,1.3517175,1.4582229,1.4367496,1.5276989,1.3276207,1.2747858,1.3988929,1.4250755,1.1849691,1.334779,1.180145,1.1865084,1.4148068,1.3329861,1.3522189,1.3803399,1.1762127,1.1764308,1.3134181,1.1601827,1.2324811,1.6519166,1.7354422,1.5449282,1.8868214,1.4451948,1.7434834,2.1287255,1.7051386,1.6370574,1.5054756,1.5876483,1.7682513,1.982591,2.0206342,1.6688517,1.6592853,1.7477145,1.4785271,1.8418803,1.372326,1.8422215
"TRAV10",0.94361,0.98618793,1.0360519,0.85464865,0.9184063,0.86421055,0.9326507,0.8183572,0.9057214,0.870645,0.90019655,0.905554,1.144532,1.1709365,0.9371584,0.9267891,0.9429107,1.0523165,0.95010734,0.9559384,0.9504587,1.0331743,0.9314415,1.0225008,1.0862193,1.0356672,1.0226905,1.0247788,1.1121035,1.0352836,1.0488096,1.0011121,0.972387,1.0714155,1.2344844,0.88496923,0.97980756,0.9469408,1.037782,0.9779932,0.9907242,0.9909542,1.1028619,0.8986953,0.8737184,1.1373385,0.8491205,0.87371844,1.1012437,1.1447614,1.3506471,1.2818604,1.3238268,1.481416,1.4847529,1.0866392,1.4934053,1.4441267,1.2400095,1.1853738,1.3900602,1.5568646,1.0404961,1.3416888,1.1798918,1.1390444,1.2004158,1.382669,1.2203913
"CCDC40",0.8154237,0.8519014,0.7585348,0.771014,0.8101489,0.77330464,0.8064017,0.7337698,0.8016305,0.7263246,0.8070004,0.8053557,0.79821897,0.87398267,0.8236304,0.8303778,0.8240885,0.8317648,0.82653755,0.8451354,0.8615922,1.0592929,0.83998007,0.90331227,0.9217559,0.86913407,0.8728493,0.8953077,0.98411137,0.84029126,0.91257197,0.8946436,0.81769526,0.9824704,0.95764816,0.769158,0.8504806,0.80969834,0.8049079,0.85713077,0.8610734,0.8553843,0.80401254,0.7447366,0.80789846,0.8410708,0.753069,0.876255,0.6129392,0.6294102,0.6822955,0.6928675,0.60880077,0.65928686,0.74821496,0.62976056,0.6732747,0.62886745,0.68076885,0.65964264,0.83125436,0.73500854,0.45439842,0.63397866,0.6554971,0.61135006,0.6666521,0.55422837,0.7099049
"IGLV3-19",1.178284,1.2805882,1.0073938,1.1721817,1.1908045,0.97486556,1.2027881,1.0827463,1.1583526,1.1383371,1.1451123,1.1824431,1.1215748,0.97215784,1.2182769,1.2103953,1.1852969,1.2355682,1.225074,1.2383199,1.2385497,1.5058988,1.2175999,1.3220909,1.3455874,1.2631358,1.2829653,1.2614973,1.3334162,1.4246757,1.4994894,1.2531042,1.1956725,1.3016566,1.3128079,1.2157942,1.253801,1.2257553,1.2203115,1.375101,1.2783937,1.298764,1.2045739,1.1774106,1.2160201,1.2394689,1.115353,1.2126426,1.5332161,1.4175484,1.5312259,1.8299216,1.4954835,1.6074015,1.5849618,1.5935091,1.6001858,1.6249726,1.4955887,1.7350786,1.9292313,1.5462247,1.1669669,1.6997297,2.148693,1.5017015,1.7305806,1.2906048,1.8990623
"KHSRP",0.6817776,0.8784802,0.67410934,0.6604979,0.7113529,0.69595605,0.7193113,0.6801359,0.7033513,0.6929945,0.7683994,0.67298543,0.70035815,0.7734022,0.72735935,0.71346635,0.7272244,0.74345046,0.75288457,0.7363157,0.74552083,0.7778612,0.71784616,0.79654515,1.0058223,0.8271008,0.7709684,0.8176465,1.0961975,0.8044119,0.7826356,0.7201121,0.71240884,0.7989119,0.7921262,1.0788541,0.81492156,0.74234843,0.73060346,1.197133,0.8203422,0.7699684,0.7117485,0.70087796,0.6874906,0.96866363,0.6623382,0.71135294,0.5036774,0.523193,0.525925,0.54801875,0.5263196,0.53758705,0.46716768,0.51224923,0.4744038,0.52799946,0.5137713,0.53735185,0.5316036,0.5444835,0.5078982,0.5304219,0.48759523,0.512154,0.5069573,0.5203357,0.5441706
"AVPR1B",1.6236341,1.7088958,1.8558928,1.5738326,1.6140292,1.6161243,1.8110158,1.5500827,1.5905563,1.5590194,1.6555583,1.5979475,1.812697,1.7754378,1.6418004,1.6345093,1.9741055,1.6753231,1.9631556,1.6731492,1.6793655,1.6697401,1.6242373,1.7893195,1.8123604,1.7770838,2.0916886,1.7101641,1.9349637,1.8302598,1.7597047,1.6369361,1.6203265,1.764934,1.7682103,1.6418003,1.7035166,1.7492939,1.6626339,1.7379781,1.7395087,1.7066792,1.6191249,1.6311795,1.6260452,1.6881087,1.4757533,1.627856,1.7577481,1.8046474,2.0118062,2.0643308,2.0231519,2.0672388,1.8349065,1.920309,2.0820165,2.0091684,1.8937876,2.0245252,2.0305412,2.0337996,1.9781379,1.9913869,2.0448997,1.9973041,2.0328014,2.137781,2.0574517
"LINC02987",3.1246173,2.7259915,2.4389584,5.1445937,5.7139053,3.2414734,5.0360475,2.5689378,4.6968765,2.689838,2.4767876,3.5610087,3.2692413,3.3896196,3.0746136,5.568509,3.2056081,3.5386276,3.2444828,3.6008482,2.4521098,3.0108585,3.7703118,2.798726,3.317487,3.1519692,2.278499,2.411973,3.197891,3.9236655,3.8903387,2.8638237,3.5399404,2.9174235,2.2937593,2.7442503,1.6544285,2.6194484,2.2192836,3.1240406,2.1627114,2.6316206,4.148894,2.632109,3.080321,3.158405,1.111942,1.3534664,0.74568653,0.9509018,1.3955886,1.3527882,1.2399035,1.4410472,1.3180364,1.0933963,1.6673063,0.76991534,1.1385025,1.0839082,1.3492806,1.1028243,1.6619645,0.9539045,0.91052324,0.90044844,1.0398078,1.3237315,0.97935635
"WDR90",1.1611817,1.1502526,1.0185051,1.1352073,1.1579567,1.1266088,1.2120023,1.0524888,1.1702609,1.036414,1.1778812,1.1417522,1.0957046,1.2580287,1.1778811,1.166794,1.1796294,1.3162577,1.1853315,1.1957062,1.2468809,1.213802,0.74560046,1.2749386,1.5446894,1.3174778,1.4810176,1.4032172,1.3290111,1.7010549,1.6543924,1.2782522,1.1568837,1.2990414,1.3690337,1.0051836,1.2230651,1.1842325,1.1928273,1.2308016,1.2417479,1.3058041,1.1646321,1.1519601,1.1129055,1.2260171,1.0783696,1.0749758,1.1213688,1.584686,1.553104,1.5651195,1.4635034,1.7037951,1.7150105,1.597669,1.8631587,1.6746639,1.5896897,1.6651204,1.6470028,1.6577978,1.5581698,1.486205,1.7392861,1.4225671,1.6632688,1.6018924,1.6849993
"MESD",0.9862132,0.94907504,0.70515734,0.7550964,0.74882245,0.85229635,0.8779629,1.0020661,0.8600764,0.7560775,0.88237023,0.96236664,1.0482533,0.95987064,0.89273864,0.8856484,0.9013884,0.90658516,0.9082683,0.9249241,0.91248786,1.1631756,0.9666589,1.0189313,0.99687743,0.9547226,0.9415372,0.9268129,0.95560855,0.9930026,1.0706488,1.2044417,0.8784518,0.95631766,0.99503076,0.8470973,0.9194519,0.89174604,1.3436939,0.94643867,1.0249474,0.96379524,0.8560986,0.8615133,0.9094476,0.9084362,0.8144426,0.88926905,0.66068196,0.6838672,0.7307365,0.702505,0.7244627,0.72813857,0.76321703,0.6392311,0.8393105,0.66798306,0.69254535,0.6179028,0.6793174,0.7206703,0.65482783,0.71062773,0.5664353,0.7340669,0.705115,0.7139471,0.6560431
"MORN1",1.1248733,1.2346147,1.0557504,1.0725223,1.1122214,1.0141106,1.1209168,1.0622302,1.1027738,1.0137349,1.1021613,1.1290531,1.108104,1.2103591,1.1404155,1.1693244,1.1414732,1.2563239,1.1429566,1.1898853,1.1645637,1.2175628,1.1364049,1.2227669,1.3213152,1.5165014,1.2689672,1.1786858,1.2101347,1.2715577,1.2556247,1.1745402,1.1865804,1.319602,1.2948763,1.1368259,1.1572443,1.1288437,1.142744,1.1876819,1.102314,1.1876816,1.1023649,1.0638078,1.136194,1.2598231,1.0298402,1.1171821,1.3266813,1.4041377,1.3501725,1.4520668,1.264907,1.4056994,1.388936,1.4049201,1.4917613,1.356006,1.3450123,1.4397326,1.4806153,1.3598245,1.1964916,1.4010171,1.4450825,1.3547738,1.4631484,1.1937212,1.4702193
"HFE",1.3571664,1.405575,1.3196924,1.3270537,1.361452,1.4228822,1.3238587,1.31627,1.8215436,1.3559092,1.3660043,1.3307508,1.3905386,1.4600347,1.3764288,1.3493874,1.3784722,1.3964823,1.3879632,1.7325889,1.4008906,1.5924026,1.3426485,1.4807575,1.7335533,1.570992,1.4045333,1.4223554,1.4632876,1.5087512,1.4310858,1.3511399,1.3496377,1.4390693,1.4310863,1.3905386,1.3007412,1.3533971,1.3544011,1.4476348,1.4395365,1.4276408,1.3538989,1.3559091,1.3874477,1.3993331,1.3682857,1.3805189,1.8352529,1.6026038,1.6857765,2.007587,1.6829351,1.6936951,1.7038859,1.57112,1.8265994,1.7306025,1.6130397,1.6487237,1.6313891,1.9145976,1.5554656,1.6684068,1.6582289,1.4264321,1.6368433,1.7026091,1.6560779
"LMF1",1.1972867,1.2662503,1.1369191,1.1646587,1.1932977,1.1554086,1.1963993,1.1453829,1.1746358,1.0864224,1.2030742,1.1818466,1.175508,1.2804167,1.2397639,1.1902037,1.2985897,1.2921046,1.222641,1.2506151,1.2487607,1.3055922,1.2091128,1.312632,1.3155558,1.2617965,1.3002769,1.260627,1.3014827,1.3954647,1.377468,1.2149556,1.1871177,1.3022069,1.3128753,1.1268445,1.2545636,1.2165341,1.2246822,1.2704842,1.3262724,1.2527044,1.189321,1.1737657,1.2050834,1.2376956,1.109634,1.2066486,1.371032,1.4199357,1.3349473,1.4809817,1.3054987,1.3699307,1.3817954,1.4005845,1.3828313,1.3336968,1.3753622,1.6433461,1.4532334,1.3475183,1.3460929,1.4252115,1.4768684,1.3933305,1.4749527,1.2733532,1.5020013
"FAM170A",1.0503426,1.1100181,1.000162,1.0278,1.0456791,1.017182,1.0530732,0.98799556,1.0331504,1.0029478,1.0441291,1.0350686,1.0348767,1.1394236,1.066832,1.0603235,1.0696052,1.0841827,1.0715909,1.0857917,1.0863957,1.0940787,1.0605205,1.16075,1.1941538,1.1073455,1.1339438,1.1050892,1.1722137,1.1957045,1.1515309,1.0849868,1.0493697,1.1476943,1.1500376,1.0656456,1.1038599,1.0723855,1.0817723,1.1189053,1.1198903,1.1102245,1.0520972,1.0396855,1.0613073,1.0880089,0.9585801,1.0630801,1.1672533,1.2163081,1.4689708,1.2806544,1.4317265,1.4914455,1.4897699,1.2062011,1.518243,1.4571779,1.1995095,1.256426,1.2510791,1.4678704,0.86919487,1.2285485,1.2599261,1.1979532,1.2693058,1.4186362,1.2832689
"DSCC1",0.9648699,1.0217714,0.926128,1.1106917,1.1306419,1.4213561,0.96809614,0.93631595,0.94978094,0.978746,0.9820187,0.86841226,1.0509819,1.0389668,0.97566575,0.9758465,0.83772695,0.99558693,0.9898806,0.992637,0.99374187,1.0988102,0.9738582,1.0694613,1.0756263,1.0162911,1.0322461,1.0155379,1.0399307,1.0910947,1.056452,0.96540713,0.95862865,1.1113104,1.0548861,0.8879528,1.0147848,0.9499577,0.981472,1.0286156,1.0215348,1.0204463,0.9734968,0.96361876,1.000955,1.0018835,0.9101252,0.97729564,0.6863482,0.6886429,0.7299782,0.8888085,0.8047171,0.75178075,0.86672556,0.73550206,0.8282858,0.7398972,0.82987154,0.88174933,0.8773458,0.73809636,0.86058784,0.70557624,0.874909,0.8537529,0.87815964,0.9426562,0.8824037
"ESR1",1.6105583,1.5398828,1.3128921,1.4216006,1.443383,1.4500889,1.470943,1.3903162,1.4271474,1.4160761,1.4684911,1.4173896,1.4441857,1.3624969,1.6297877,1.4627829,1.469035,1.5046002,1.551348,1.5009767,1.5054367,1.5110307,1.8932235,1.5986577,1.6177425,1.5242568,1.6686242,1.5992507,1.7125105,1.6358422,1.5757006,1.470943,1.4340452,1.5768698,1.5883155,1.4857464,1.5384552,1.4990302,1.4851953,1.5381709,1.5538665,1.5296375,1.4592607,1.4457939,1.4835443,1.511591,1.5704509,1.4857466,1.7121178,1.7623692,1.845974,1.8238775,1.8072838,1.861262,1.876326,1.7187986,1.8263544,1.8294387,1.7283874,1.7910316,1.7943565,2.0220454,1.2629278,1.6540723,1.8070452,1.7519423,1.8030281,1.7505982,1.8309935
"ST6GALNAC4",0.7413851,0.7832166,0.7058341,0.72225165,0.738367,0.71532065,0.7420729,0.70990294,0.7243979,0.708588,0.7463513,0.81265837,0.7102983,0.80381554,0.74898535,0.747459,0.75372237,0.76173156,0.75470185,0.7656965,0.76470315,0.7808963,0.9726239,0.81567794,0.8271008,0.7800276,0.7978757,0.774838,0.81688863,0.87766606,0.8134121,0.7500971,0.7376827,0.79965305,0.81040114,0.74593604,0.8485396,0.75274473,0.75806755,0.8346511,0.785653,0.78147584,0.7387777,0.7257427,0.7551214,0.7658386,0.69518286,0.7444161,0.46025363,0.5829038,0.7112482,0.60943174,0.6945161,0.7326289,0.7348296,0.5747468,0.7418883,0.710449,0.5635599,0.5995674,0.5944749,0.7170047,0.5598101,0.5938137,0.59867877,0.5763473,0.5981239,0.6836659,0.6079643
"MYOD1",0.9880184,1.0397093,0.90186745,0.9705856,1.0445406,0.9644852,0.9946364,0.93057793,0.97130597,0.9218192,0.99040365,0.97292876,0.9128039,1.0652747,0.99962914,1.0074449,1.0022274,1.0172064,1.003716,1.1260073,1.0198499,1.0708205,1.0003709,1.0987806,1.1034764,1.0532929,1.0597585,1.0372059,1.1455944,1.1195529,1.172893,1.0102507,0.988752,1.0724105,1.0668569,0.99260944,1.0274429,0.9830846,0.99666744,1.0460916,1.0503187,1.0387461,0.98035353,0.94975525,0.9801719,1.0168288,0.91331226,0.97944546,0.8001587,0.8234908,0.8991285,0.8739973,0.8830932,0.95007175,0.96786803,0.79897285,0.95542943,0.91117525,0.7217715,0.86128694,0.8573036,0.94456697,0.8004556,0.82624424,0.8560329,0.49830347,0.8638464,0.8276345,0.8699549
"FBRSL1",1.6858435,1.7462996,1.592552,1.6405097,3.0914443,1.6314088,1.6631765,1.6151545,1.6675,1.6283875,1.7097718,1.8503137,1.4877776,1.6943054,1.6927359,1.8965144,1.6936778,1.6712153,1.6023285,1.7085032,1.7186713,4.2670565,1.735003,1.8119447,1.8489408,1.7475951,1.7661655,1.7408034,1.8506559,1.8947562,1.9536257,1.6817849,1.6533375,1.7938914,1.9028554,1.697136,1.7395118,1.5520284,1.5860684,1.9377513,1.7782425,1.6952496,1.5996556,1.6365608,1.5150615,1.6253704,1.5644536,1.6780475,2.3167052,2.6574526,2.6921384,2.7410352,2.5334992,3.0823047,2.8730743,2.409149,2.8633955,2.6855865,2.239409,2.7081947,2.7081957,3.3385386,2.545552,2.580244,2.5507498,2.1763616,2.7197711,2.6165152,2.6188068
"PCED1B",0.99491304,1.0733058,0.9890271,1.1387106,0.9965754,0.9730182,1.0271573,1.1323934,1.0006487,0.9949133,1.02792,0.9993513,1.0139107,1.1677934,1.0328877,1.1867863,1.0328875,1.0487134,1.0390353,1.0895486,1.1542302,1.053391,1.0167348,1.1134459,1.1275744,1.0637943,1.082701,1.1157191,1.1911957,1.3088624,1.2514255,1.0239242,0.9915982,1.1817353,1.082099,1.0336539,1.0699271,1.0444437,1.0017631,1.0861199,1.0880847,1.0557377,1.0224067,1.0082859,1.0137228,1.188548,0.9510771,1.0398061,1.3445781,1.2090396,1.1992074,1.2774941,1.2170986,1.2688159,1.1985335,1.1932263,1.2145908,1.1864622,1.2426808,1.178711,1.2296149,1.1736329,1.2079194,1.3735594,1.2406086,1.3287151,1.216461,1.6654242,1.42308
"TMPRSS6",1.2002883,1.250731,1.1085025,1.1471894,1.1690952,1.130716,1.4070274,1.0875309,1.161101,1.3284256,1.178236,1.49665,1.1514528,1.2649585,1.1965103,1.1175835,1.061038,1.6426613,1.1905353,1.2936622,1.3125095,1.2795862,1.2116936,1.9088861,1.4453728,1.2972654,1.2673073,1.3122661,1.2424093,1.3360838,1.3259645,1.2078793,1.1591651,1.2860091,1.2876796,1.1132401,1.2275239,1.1823944,1.0405778,1.2502677,1.2439656,1.2417191,1.1684446,1.1602404,1.1793287,1.2177752,1.1074758,1.1660641,1.4739577,1.651093,1.3679019,1.7640955,1.5275859,1.4324578,1.4620278,1.6007468,1.4623013,1.5287315,1.4772427,1.677946,1.6147585,1.415641,1.5484853,1.6102731,1.6770127,1.5562571,1.6938905,1.33372,1.7096685
"ADRB3",1.2350857,1.3301806,1.2214205,1.2394444,1.2298297,1.2252761,1.4267635,1.219157,1.2385259,1.121553,1.2482097,1.2362317,1.2096994,1.295611,1.2725155,1.2666297,1.2889018,1.297054,1.2579697,1.2968128,1.3001839,1.3346276,1.6638509,1.2302861,1.4656469,1.3440648,1.3445643,1.321085,1.348309,1.3079218,1.3827446,1.2944105,1.281752,1.3631415,1.3938147,1.2584357,1.3110788,1.298739,1.2593697,1.3306745,1.4792309,1.3096217,1.7244759,1.2264137,1.3023561,1.2941706,1.3540722,1.2862757,1.4316944,1.5422126,1.5662789,1.5916044,1.4917724,1.5721623,1.9109328,1.5060388,1.584885,1.5257092,1.3880384,1.5508163,1.555713,1.6160867,1.4999074,1.4688047,1.527414,1.5410693,1.5766232,1.3560156,1.5951496
"PAX8",0.9540164,0.9882287,0.83246154,0.9035653,0.92595583,0.8934022,1.0412807,0.88286215,0.92064804,0.8623139,0.92201513,0.9292241,0.9101241,0.99872917,0.95013326,0.94696665,0.946089,0.96989256,0.95898366,0.9643327,0.9671981,1.0265185,0.95578796,1.027471,1.0407016,0.9889615,0.997064,0.98329324,1.0080323,1.0507851,1.018177,1.0162904,0.9756654,1.013468,1.0274711,0.9180909,0.97277397,0.92561257,0.9352741,0.9898795,0.987084,0.9807441,0.9439861,0.84271234,0.9331955,0.9661226,0.90306383,0.930086,0.809146,0.8215439,0.8613881,0.8836502,0.8359365,0.9042407,0.9179036,0.8120024,0.8939599,0.8758796,0.8264338,0.84205747,0.8568638,0.89614147,0.7844731,0.8221536,0.84268236,0.81956583,0.88973427,0.8278279,0.86532676
"OVOL1",1.2649646,1.3294178,1.2291245,1.2486507,1.1593853,1.2128223,1.2668428,1.0041863,1.2398832,1.1128329,1.2845854,1.147834,1.2396538,1.3783685,1.2092302,1.209678,1.2919904,1.442435,1.2905542,1.6466331,1.319348,1.3100845,1.265669,1.3930155,1.8197188,1.331638,1.3664083,1.343544,1.4256815,1.4392282,1.4451113,1.2760377,1.2739099,1.6946481,1.4413652,1.2874459,1.3432944,1.3095988,1.3154397,1.3532963,1.59694,1.4135725,1.2623874,1.2302648,1.2919904,1.2514329,1.1017456,1.2850616,1.5486475,1.4049877,1.636335,1.6546388,1.5384676,1.6360286,1.6532937,1.5694633,1.7453288,1.6168216,1.4681115,1.6329962,1.6167262,1.6539136,1.496977,1.6170256,1.6421065,1.5952837,1.6281587,1.5755332,1.6537184
"MKS1",2.7900274,2.230927,2.049279,2.0849254,2.1149096,2.0622385,2.1326308,2.049278,2.413859,2.06377,2.1318412,2.2296863,2.1361935,2.2913005,2.1512992,2.1243422,2.1548927,2.1806192,2.1653082,2.1645033,2.1497033,2.3415558,4.0367427,2.3015215,2.3285654,2.1753678,2.241294,2.2144406,2.2371407,2.3756695,1.8873143,2.2292724,2.7848597,2.2718399,2.2785902,1.907015,2.2185504,2.0504196,2.201747,2.2592368,2.2582939,2.2358978,2.1298645,2.1196208,2.568566,2.1681192,1.9945427,2.1854768,1.3866216,1.372806,1.4010923,1.5794016,1.3584203,1.8167747,1.3862019,1.3948748,1.363522,1.37327,1.7886717,1.4510713,1.8752811,1.6950383,1.3689933,1.5281205,1.4513407,2.9064746,1.4443601,1.3279558,1.4419516
"SPDEF",0.83174443,0.87720895,0.7671448,0.7965728,0.843393,0.8022056,0.8306656,0.78121316,0.81813014,0.6826875,0.84011537,0.82040924,0.80116564,0.9012822,0.84386224,0.838403,0.9667244,0.9041287,0.82406884,0.8588595,0.8601345,1.0286816,0.8314363,0.9074877,0.99491316,0.8749343,0.8834122,0.87137246,0.9198552,1.0146631,0.89794606,0.918832,0.8269771,0.9016168,0.9186623,0.81646305,0.8750966,0.8529872,0.8306656,0.9941755,0.8840265,0.8750972,0.8399593,0.8147996,0.8429238,0.85870034,0.77085286,0.83607423,0.6839834,0.70549625,0.75640404,0.7561611,0.7358455,0.7736117,0.7801655,0.69678557,0.7870689,0.7592452,0.70067275,0.7440598,0.7584076,0.7501911,0.68754435,0.72499186,0.74557924,0.7047114,0.74696296,0.7096994,0.7536413
"ALPP",1.0844979,1.1537908,1.0150282,0.7797581,1.0744895,1.0056608,1.1465387,1.0123969,1.0471475,0.9712063,1.0701153,1.0730959,1.0657583,1.1804088,1.1157078,1.0986673,1.1113714,1.1298655,1.0984643,1.1229721,1.3018295,1.2067465,1.3181049,1.1962752,1.2284207,1.1210997,1.186334,1.1507989,1.1976064,1.2114545,1.2116793,1.1967182,1.0968351,1.4122391,1.1896383,1.1126088,1.1167424,1.2488632,1.0800824,1.1978292,1.1449984,1.230245,1.0687268,0.8365312,1.0711076,1.3076358,1.0084629,1.0723001,1.354023,1.3412781,1.2974558,1.420114,1.2244384,1.3205204,1.303551,1.3311199,1.38284,1.2707382,1.4839164,1.4124974,1.4767799,1.29139,1.2604927,1.346262,1.7154843,1.3691719,1.418798,1.1762924,1.4248621
"ZNF414",0.98856854,1.0420258,0.9998143,0.9628771,0.98436165,0.9506356,0.9878358,0.95363736,0.9723873,0.95452213,1.0001856,1.0587763,0.9686083,1.0712178,1.0474504,0.9593133,1.0044605,1.0219333,1.0096897,1.0234499,1.019472,1.055248,1.0074453,1.0840069,1.1016365,1.046091,1.0609382,1.040095,1.0560311,1.1133422,1.0755967,0.9935307,0.9860059,1.0759962,1.0787932,0.99113846,1.0352842,1.0141928,1.0179608,1.0497837,1.051488,1.0447346,0.9885687,0.97853774,0.9907711,1.0263004,1.0789931,1.0014848,0.88293195,0.8697697,0.97062564,0.9061547,0.9371911,0.8208639,1.0442432,0.85394835,0.9941963,0.97008014,0.9674542,0.89214885,0.88440764,0.95099497,0.82194304,0.89066136,0.8863779,0.91053313,0.8909919,1.0067619,0.9081732
"SLC25A37",0.90622205,0.93750274,0.8535374,0.8456597,0.8945352,0.86645395,0.91585165,0.82597697,0.8871016,0.8195693,0.88990295,0.8920507,0.9102647,0.98326236,0.92267036,0.90672666,0.923526,0.9314377,0.932302,0.9297116,1.0100588,0.9401136,0.91381615,0.9881981,1.0029666,0.9427321,0.99703336,0.9492229,0.9903989,1.0128722,0.97040176,0.91296905,0.8986919,0.9778079,0.9798046,0.8420611,0.94046223,0.9488711,0.91144705,0.9536338,0.9683797,0.9478159,1.154118,0.91009575,0.8925467,0.9366336,1.0324045,0.9008611,0.7466546,0.7018135,0.84517395,0.80116606,0.8954071,0.8597151,0.8952396,0.71269906,0.87041706,0.8614896,0.7291413,0.7568308,0.8432374,0.8550544,0.6387204,0.83437145,0.85393757,0.71694034,0.7791886,0.8127025,0.79068726
"TAL1",1.1430237,0.9805149,0.8717583,0.8877448,0.91685617,0.90536684,0.93349665,0.8981766,1.0085447,0.9016815,0.9407956,0.91464865,0.89901024,0.895682,0.94464165,0.930386,0.9355763,0.9560964,0.93696594,0.95361733,0.95929265,1.2023777,1.4377227,1.0119171,1.0270402,0.9741716,0.9911178,0.9707454,1.0068631,1.038531,1.0186945,1.1676604,0.85099435,1.00649,1.0106044,0.9194098,0.98106015,0.9279741,0.93349665,0.99351007,0.98886853,0.98124266,0.91855764,0.92282605,0.92060405,0.9497351,0.87580913,0.9490312,0.6959771,0.7166701,0.79484767,0.76387596,0.7453501,0.7988808,1.1762849,0.71414983,0.8159832,0.7847802,0.69314396,0.75416434,0.85997045,0.8361124,0.68968207,0.7228095,0.68878764,0.6985631,0.7540246,0.7334308,0.760907
"CROCCP3",2.0850205,2.2030728,2.0611868,2.0191936,2.0746086,1.9924136,2.1521947,1.9645315,2.0482323,1.9598019,2.0834754,2.0588956,1.5717288,2.2277207,2.1470132,2.1193242,2.1224704,2.1482081,2.1165757,2.137479,2.1494024,2.2285476,2.0993764,2.3024797,2.336024,2.204707,2.2364132,2.1795056,2.2736285,2.3499274,2.3200517,2.12011,2.073839,2.2660522,2.2880092,2.077688,2.175467,2.2198863,2.0989864,2.2182417,2.2119763,2.198992,2.0535567,2.076918,2.0865684,2.1561892,2.0562248,2.0665452,2.4052927,2.509166,2.7126684,2.6379936,2.3697367,2.8412201,3.0953476,2.2271361,2.819467,3.2141995,2.4124403,2.5986657,2.5919282,2.7889802,1.6717125,2.001889,2.6102574,2.3897321,2.6059046,3.4631717,2.6331058
"NECTIN1",1.0681849,1.1288741,0.98084694,1.0201735,1.1219872,1.0072037,1.0508956,0.9792108,1.051285,0.95908403,1.0514807,1.0640337,1.0285318,1.1366457,1.0785352,1.1013732,1.082141,1.1034178,1.0753405,1.1188704,1.1106018,1.238546,1.1240696,1.1899182,1.2234799,1.1468079,1.1453209,1.1393893,1.1972216,1.2099428,1.2459174,1.2628974,1.0652181,1.1542755,1.199889,1.0201739,1.1003524,1.0528469,1.0473937,1.1178343,1.1221433,1.1199088,1.0348449,1.020742,0.85953087,1.09506,0.9649712,1.0398465,1.2207536,1.2886765,1.1555135,1.3773854,1.0913022,1.272866,1.3094102,1.2697008,1.265965,1.1688021,1.2296146,1.3388556,1.5036534,1.2617011,1.1965493,1.2454484,1.3299477,1.1389605,1.355091,1.1615945,1.3689823
"SYTL4",0.79802334,0.84524196,0.7405608,0.7627204,0.797432,0.77613187,0.80188036,0.7692543,0.8090494,0.7806067,0.76939756,0.8634606,1.1845459,0.83495986,0.8047108,0.8023267,0.81115276,0.846811,0.8174954,0.8226652,0.85469854,0.8301744,0.9094772,0.87457955,0.8866629,0.83697534,0.82449776,0.8382182,0.98368746,0.896417,0.88534886,0.8087495,0.8294051,0.86650765,0.86940515,0.78321654,0.80995005,0.78467,0.8217505,0.8400857,0.85039085,0.84102094,0.78583515,0.73522466,0.8099505,0.820228,0.76782966,0.7819105,0.69230837,0.69372207,0.67424387,0.7501893,0.68430316,0.7846532,0.71071154,0.6969459,0.72511023,0.696076,0.6908981,0.71117586,0.70762426,0.69594586,0.7035683,0.68885106,0.7289338,0.71236366,0.7379097,0.6917836,0.7351781
"GATA6-AS1",0.92731416,0.97546715,0.82644856,1.1772621,0.90875936,0.8820288,0.9375154,0.8527578,0.8948792,0.85244215,0.9175648,1.1807609,0.88925546,0.9538233,0.9219993,0.9177347,0.9297249,0.95011675,0.933526,0.93612534,0.93751514,1.1235154,0.99704695,1.0117606,1.0111973,0.9522328,0.97131556,0.9713156,1.0672624,1.0219423,0.98729557,0.9173942,0.99963844,0.9861979,0.9909644,0.8918975,0.9443197,0.90943366,0.90053904,0.9657482,0.96947116,0.9292081,0.99409294,0.8839942,0.90053946,0.9469503,0.89970535,0.9216573,0.75285655,0.78536934,0.85157704,0.8346204,0.81533617,0.92965925,0.8991518,0.77265775,0.89026225,0.8431584,0.72787285,0.80857027,0.8003656,0.9366563,0.74259657,0.7740915,0.8060254,0.7008522,0.81187564,0.8281216,0.83106804
