"streams_mill","released_month","mode","key","bpm","danceability","energy","liveness"
141.381703,7,"Major","B",125,80,83,8
133.716286,3,"Major","C#",92,71,74,10
140.003974,6,"Major","F",138,51,53,31
800.840817,8,"Major","A",170,55,72,11
303.236322,5,"Minor","A",144,65,80,11
725.980112,3,"Minor","F",148,67,76,8
58.149378,7,"Major","F",100,67,71,11
95.217315,5,"Minor","C#",130,85,62,28
553.634067,3,"Minor","D",170,81,48,8
505.671438,4,"Minor","F#",83,57,72,27
1316.855716,1,"Major","",118,71,68,3
387.570742,4,"Minor","D",130,51,43,9
2513.188493,3,"Minor","F#",174,52,73,31
1163.093654,12,"Major","G#",89,64,73,16
496.795686,2,"Minor","B",120,78,59,34
30.546883,7,"Major","",78,44,9,10
335.222234,3,"Major","B",100,86,66,12
363.369738,3,"Major","G",120,63,73,36
86.444842,6,"Minor","F",140,65,74,42
52.135248,7,"Major","F#",123,69,76,6
1297.026226,1,"Minor","",135,48,42,11
200.647221,5,"Minor","F",133,85,67,12
115.364561,6,"Major","C#",99,85,68,36
78.300654,6,"Minor","G",130,79,86,9
899.183384,3,"Major","B",107,80,80,14
61.245289,6,"Minor","F#",122,81,71,56
429.829812,1,"Major","F#",204,52,68,15
127.408954,5,"Minor","B",110,67,85,33
22.581161,7,"Minor","F",126,74,84,11
52.294266,6,"Major","F#",168,56,87,11
843.95751,12,"Minor","C#",98,71,61,8
999.748277,10,"Major","E",97,64,63,19
618.990393,2,"Minor","E",180,72,63,9
123.122413,6,"Major","",120,81,68,11
188.933502,4,"Major","F#",150,61,73,11
1355.959075,1,"Major","F",96,75,68,13
786.181836,1,"Major","D",95,60,79,12
176.553476,5,"Minor","F",125,79,85,11
354.495408,2,"Minor","A",144,56,65,10
2808.09655,10,"Major","D",90,76,50,7
1109.433169,8,"Minor","G",128,56,97,35
1047.101291,7,"Major","F#",79,56,56,11
65.156199,6,"Major","",144,77,58,23
570.515054,11,"Major","F",122,67,64,10
1085.68542,5,"Major","",140,71,81,6
2565.529693,9,"Major","G",186,68,59,13
518.745108,2,"Minor","C#",67,53,53,44
107.75385,6,"Minor","A#",106,72,64,10
177.740666,4,"Major","G",128,60,91,12
153.372011,2,"Minor","F#",107,92,70,15
57.87644,6,"Minor","G",130,67,88,8
1813.673666,10,"Minor","E",123,45,54,9
3703.895074,11,"Major","C#",171,50,80,9
256.483385,2,"Minor","G",137,64,72,17
1214.083358,5,"Minor","G",125,84,68,22
16.011326,7,"Minor","",128,86,72,9
812.019557,7,"Minor","",130,61,58,27
111.947664,5,"Major","B",130,86,96,9
156.338624,2,"Major","F",133,70,81,25
720.43424,6,"Major","D",101,88,59,9
357.925728,3,"Minor","F",95,77,64,17
674.07271,10,"Minor","C#",98,90,59,10
1755.214421,1,"Major","B",173,43,66,23
404.562836,10,"Major","G#",90,64,62,48
373.199958,12,"Minor","A#",198,59,42,10
14.780425,7,"Major","C#",140,56,73,35
39.578178,7,"Major","G#",82,51,53,15
54.266102,6,"Minor","C#",130,77,89,43
2557.975762,6,"Major","B",81,76,53,9
751.134527,7,"Minor","C#",94,51,59,25
2282.771485,5,"Major","A#",124,61,81,10
1356.565093,7,"Major","D",128,62,78,23
1592.909789,1,"Minor","F",138,49,62,11
635.412045,7,"Major","E",132,58,48,12
1230.67589,9,"Major","D",131,71,47,27
585.695368,12,"Minor","F#",168,78,73,10
2009.094673,1,"Major","C#",102,48,73,15
600.976848,4,"Major","A#",101,34,57,20
39.709092,6,"Major","F",130,63,34,35
39.228929,7,"Major","D",142,50,64,12
2665.343922,7,"Major","C#",170,59,76,10
223.633238,3,"Minor","G#",124,78,68,11
2887.241814,11,"Major","C#",110,50,41,11
1440.757818,5,"Minor","C#",92,91,71,9
165.484133,6,"Major","D",116,82,66,25
58.054811,6,"Major","A",129,63,82,9
157.05887,3,"Major","G#",98,71,60,12
95.131998,3,"Minor","C#",172,74,76,10
250.305248,3,"Major","D",150,68,76,10
685.032533,11,"Minor","A",136,62,53,6
38.411956,6,"Minor","C#",88,53,47,83
144.56515,5,"Major","D#",143,83,44,10
127.56754,3,"Minor","F#",100,49,35,11
399.686758,12,"Major","F",143,56,55,11
983.637508,1,"Minor","C#",112,56,66,12
118.482347,6,"Major","G",93,62,59,38
882.831184,1,"Major","G",206,43,55,15
286.400165,12,"Minor","G",88,68,71,11
172.825906,4,"Major","D",170,50,90,12
1241.559043,1,"Minor","E",84,62,67,13
29.56222,7,"Minor","E",134,81,72,12
77.309611,4,"Major","A#",158,54,40,10
1605.224506,11,"Major","C#",116,80,80,10
1116.995633,4,"Major","C#",117,61,69,9
838.0799,3,"Minor","F",114,77,72,7
1163.620694,1,"Minor","D",108,61,68,13
1093.605526,1,"Minor","E",144,74,53,21
179.659294,12,"Major","F",130,51,44,11
39.058561,6,"Major","B",116,77,62,15
36.912123,7,"Major","G",121,65,78,17
1205.951614,2,"Major","G",112,64,81,11
1791.00057,12,"Minor","A#",100,70,52,6
201.660859,2,"Minor","D#",150,55,78,12
248.088961,2,"Minor","F",120,84,71,34
90.839753,5,"Minor","B",127,82,85,23
607.123776,7,"Major","F",90,51,61,9
55.842345,6,"Minor","A",128,75,63,15
211.050784,3,"Major","A",143,64,87,8
342.897938,7,"Major","G#",139,74,68,26
0.002762,12,"Major","A#",162,49,64,11
330.346424,6,"Major","",92,81,60,7
601.863821,8,"Major","F",95,87,55,29
1953.533826,8,"Major","D",146,63,93,10
2322.580122,11,"Major","",95,55,82,34
2355.719893,8,"Minor","E",115,35,30,10
66.902503,6,"Major","B",128,78,65,26
96.273746,5,"Minor","E",130,82,83,27
430.977451,1,"Minor","A",127,80,77,11
284.819874,1,"Major","D",150,42,86,9
721.975598,1,"Minor","D",122,78,63,9
1217.12071,4,"Major","",140,52,85,7
109.276132,6,"Major","",140,63,54,12
276.259178,12,"Minor","C#",119,75,53,18
54.225632,5,"Minor","G",110,76,72,9
2559.529074,1,"Major","G#",95,60,45,11
681.583126,7,"Major","F#",132,56,55,32
2594.040133,1,"Minor","A#",125,77,78,23
81.102253,5,"Minor","D#",124,84,50,13
11.956641,6,"Minor","B",133,93,65,12
1687.664027,1,"Major","G",112,92,66,36
11.599388,7,"Major","",97,79,89,6
611.700552,11,"Minor","F",90,59,48,10
1133.865788,5,"Minor","D#",80,65,69,53
1089.402494,1,"Major","A",172,45,59,8
411.747614,5,"Major","E",120,60,35,31
255.932395,1,"Minor","G",140,74,80,5
31.873544,6,"Minor","A",128,81,77,9
95.053634,5,"Major","",122,78,81,10
1279.434863,1,"Major","",130,47,92,5
233.801632,2,"Major","A",160,69,71,31
1481.349984,12,"Major","F",144,73,70,28
142.095275,4,"Major","B",192,50,52,28
618.885532,6,"Major","",163,54,67,9
2011.464183,1,"Minor","C#",122,66,71,12
1167.330737,3,"Major","D",154,61,74,40
929.964809,10,"Minor","A",117,73,69,11
436.027885,1,"Minor","G",138,78,83,12
657.723613,7,"Major","",96,86,80,8
2713.92235,4,"Major","C#",104,77,63,36
621.660989,1,"Major","G#",164,45,62,16
1591.223784,3,"Major","",118,68,82,50
950.906471,5,"Minor","B",81,68,60,19
1593.270737,1,"Major","C#",117,82,45,7
1410.08883,2,"Major","D",174,45,37,64
1235.005533,1,"Major","C#",128,73,77,11
1661.187319,12,"Major","",145,60,27,14
1374.581173,5,"Minor","C#",150,65,55,14
94.186466,6,"Minor","A",90,60,53,21
1788.326445,1,"Major","F",85,55,53,22
1840.364617,1,"Major","D#",180,33,71,28
143.573775,4,"Major","C#",166,57,94,37
684.675814,11,"Major","G#",160,71,50,16
1113.838873,1,"Major","G",160,65,80,41
1267.33335,1,"Major","D",92,70,63,8
726.307468,3,"Major","",170,56,64,45
3562.54389,1,"Minor","C#",96,83,65,9
1131.09094,11,"Major","G#",120,67,52,12
307.370144,1,"Major","",98,70,54,9
1271.293243,9,"Major","G",92,53,34,12
265.882712,10,"Major","A",150,34,56,11
841.749534,3,"Major","F",94,37,47,11
47.956378,5,"Minor","E",90,74,63,27
806.39707,8,"Major","A",160,54,55,42
2132.335812,8,"Major","",120,70,75,9
1641.426668,1,"Major","F",109,63,85,9
2135.158446,9,"Minor","E",129,57,66,12
367.316268,12,"Major","G",157,54,60,7
350.381515,4,"Major","F#",130,63,73,9
1264.310836,5,"Minor","F",107,65,72,13
30.343206,7,"Minor","B",146,50,89,19
405.136812,2,"Minor","A",139,48,41,10
1145.727611,7,"Major","",116,74,70,13
540.654286,7,"Minor","F#",95,84,77,7
57.312735,6,"Minor","G#",170,62,80,37
397.582059,12,"Minor","F#",134,81,64,10
1479.115056,10,"Minor","F#",84,57,90,9
86.773632,6,"Minor","B",146,61,48,12
133.753727,5,"Minor","A#",74,53,67,10
123.124076,5,"Major","B",144,75,48,10
463.564958,11,"Minor","B",136,77,73,27
64.53304,5,"Major","E",100,56,55,12
65.496046,6,"Minor","F",105,89,78,7
68.616963,5,"Major","F",106,67,78,30
161.46099,3,"Major","D",132,85,68,9
70.106975,6,"Major","A",120,78,30,13
113.509496,3,"Major","C#",155,82,39,9
89.933133,5,"Major","G#",129,70,43,11
71.007139,9,"Minor","F",135,80,74,8
43.522589,6,"Minor","A#",98,73,62,13
232.896922,3,"Minor","A",124,84,39,11
37.126685,6,"Minor","A",135,77,55,22
195.576623,3,"Major","D",107,78,53,11
532.336353,10,"Major","D",96,54,74,9
538.115192,11,"Major","G#",123,71,70,32
46.142772,5,"Major","G#",90,62,62,58
401.036314,12,"Minor","F",117,72,59,20
127.026613,4,"Minor","A",133,78,84,7
345.03171,12,"Minor","G#",96,74,83,35
288.101651,12,"Major","G#",149,66,60,14
60.350538,5,"Minor","F#",110,66,40,11
335.074782,11,"Major","F#",105,95,52,5
76.767396,5,"Major","C#",105,80,78,11
46.065667,5,"Major","B",134,76,58,16
459.276435,7,"Minor","E",170,71,56,27
39.666245,6,"Major","F#",81,59,60,25
138.517666,3,"Major","F#",154,63,92,91
822.633917,6,"Major","C#",169,69,51,38
595.900742,7,"Major","G",115,78,69,7
51.985779,6,"Minor","A",84,43,74,19
57.945987,5,"Major","G#",93,79,62,11
115.01004,4,"Major","G",91,82,62,10
175.097833,4,"Minor","A#",142,82,44,33
57.089066,5,"Major","C#",126,78,70,16
488.386797,10,"Major","A#",97,73,44,16
32.761689,6,"Major","F",101,92,51,26
1047.480053,5,"Minor","G",98,80,48,6
153.454328,1,"Major","F#",154,59,89,80
217.672943,2,"Major","A",120,91,58,31
457.184829,10,"Major","B",150,49,55,6
939.844851,1,"Major","A",174,47,78,10
726.434358,9,"Major","A#",202,34,51,18
573.63302,11,"Minor","B",153,56,52,36
1406.111294,10,"Major","F",142,60,37,13
71.573339,5,"Minor","A",108,84,47,20
24.975653,6,"Major","B",143,83,69,23
145.458418,2,"Major","D",108,67,67,80
1424.589568,1,"Minor","F",104,95,66,4
231.332117,12,"Minor","F#",93,84,79,18
415.932686,12,"Minor","F#",105,65,53,9
988.515741,6,"Major","G#",170,44,32,14
50.847624,5,"Minor","C#",178,62,66,12
39.893489,5,"Minor","F#",176,50,76,32
92.035115,5,"Minor","E",104,80,88,11
118.810253,4,"Major","G",85,70,84,47
77.233241,4,"Minor","F#",117,77,58,26
206.399629,2,"Major","",80,52,48,15
117.747907,4,"Major","F",98,44,41,38
266.624541,2,"Minor","C#",178,79,78,11
293.186992,4,"Major","A",148,51,33,22
139.681964,2,"Major","D",120,77,66,38
123.132751,4,"Minor","E",122,68,88,8
103.762518,1,"Major","F",144,74,73,9
162.887075,3,"Major","D",96,93,47,10
91.221625,4,"Major","G#",137,77,88,17
190.490915,4,"Minor","F#",121,94,61,53
96.180277,4,"Minor","A",119,60,57,50
185.240616,8,"Major","D",96,72,47,13
885.093467,4,"Major","C#",111,87,52,11
104.992946,4,"Major","A",148,90,68,10
147.290338,2,"Major","A",182,57,59,6
1302.184087,9,"Major","D",141,79,86,4
158.950978,12,"Minor","E",145,76,81,6
76.910644,4,"Minor","B",110,76,70,41
137.12388,8,"Major","G",134,70,41,10
782.369383,7,"Major","G",130,92,62,6
502.574952,10,"Major","A#",145,84,53,8
207.033255,2,"Minor","B",130,69,90,15
404.887295,4,"Major","",173,59,53,23
381.161027,11,"Minor","B",92,75,76,10
466.231982,6,"Minor","F",105,56,87,10
357.580552,11,"Minor","G",175,59,64,12
61.105704,4,"Minor","G",120,80,70,9
198.275403,12,"Minor","D#",139,70,48,12
168.448603,3,"Minor","",132,59,82,12
705.469769,3,"Major","A#",114,32,74,17
34.502215,5,"Minor","B",145,54,48,37
482.17524,9,"Major","",110,82,69,18
304.1186,12,"Major","G#",94,89,66,36
1449.799467,3,"Major","C#",134,45,60,33
173.627354,3,"Major","G",120,62,76,39
90.025258,2,"Minor","G",123,70,68,11
652.704649,12,"Major","A#",131,77,71,15
1829.992958,1,"Major","D",171,70,73,36
655.466831,5,"Minor","E",130,80,76,20
146.409671,3,"Major","B",94,82,67,9
95.816024,4,"Minor","G",89,73,57,32
117.206995,3,"Minor","F",87,65,56,15
100.409613,3,"Minor","B",124,72,78,15
80.75835,3,"Major","G#",78,71,65,22
325.592432,11,"Major","G#",120,70,79,18
58.473276,3,"Minor","F#",96,48,80,37
52.722996,3,"Major","G",106,73,86,12
191.945597,12,"Minor","D",170,78,46,12
77.377503,3,"Minor","B",134,67,76,30
743.693613,5,"Major","A#",115,71,73,11
267.789608,12,"Major","F#",130,74,87,30
1221.813483,3,"Major","",118,65,79,10
449.701773,4,"Major","G",110,59,38,12
67.07041,3,"Major","A",100,72,66,19
116.334601,3,"Minor","G",142,70,79,11
433.356509,10,"Major","",140,64,37,12
165.584767,2,"Major","G",116,90,73,9
367.814306,5,"Major","A",120,73,85,61
477.033549,4,"Minor","F",92,76,79,7
156.2147,10,"Minor","G#",110,81,79,31
448.843705,1,"Major","A#",120,71,97,13
1357.608774,7,"Major","G#",80,63,61,56
294.352144,11,"Minor","F",115,95,69,9
972.164968,11,"Major","A#",76,58,67,13
920.045682,2,"Major","F#",172,60,78,12
2420.461338,9,"Major","A#",99,40,56,9
1947.371785,5,"Minor","",136,36,57,14
244.658767,5,"Minor","G#",150,90,14,11
68.216992,4,"Minor","A#",92,71,31,10
223.582566,12,"Major","C#",95,77,87,7
471.819764,7,"Minor","B",102,83,83,10
272.377463,12,"Minor","",145,70,55,16
1361.425037,3,"Major","A",110,50,86,64
149.778242,2,"Major","",95,64,77,38
116.59979,3,"Minor","B",94,68,82,9
148.469433,12,"Major","G",142,61,91,26
497.225336,8,"Minor","F#",145,59,74,15
88.791109,3,"Minor","F#",121,64,80,36
125.91728,3,"Minor","D#",140,66,76,12
105.062254,2,"Minor","C#",137,84,67,11
95.623148,1,"Major","G#",104,56,85,15
144.5848,2,"Major","F",92,57,76,33
298.063749,12,"Minor","D",146,74,45,21
166.570053,1,"Major","D",120,56,43,12
83.021468,1,"Major","D",144,68,81,8
139.836056,11,"Major","A",94,59,56,6
303.216294,10,"Major","G#",94,73,79,11
221.409663,12,"Minor","G",113,79,74,11
58.890931,3,"Major","E",148,50,76,12
81.419389,3,"Major","C#",98,70,73,11
156.777415,5,"Major","B",140,58,38,10
284.908316,12,"Major","G",100,36,28,18
93.43891,2,"Major","F#",140,86,79,11
363.472647,8,"Minor","E",100,59,94,29
372.476382,1,"Minor","A",100,59,65,13
380.726517,10,"Minor","",132,87,70,21
56.533272,3,"Major","D",142,49,67,26
175.399345,1,"Minor","E",176,72,63,21
203.221468,5,"Major","F#",140,53,70,14
1624.165576,10,"Minor","D#",105,55,90,32
134.294498,12,"Major","F",135,81,77,35
70.069745,7,"Minor","E",128,82,59,12
609.293408,6,"Major","F",101,74,69,12
671.365962,5,"Major","A#",122,88,50,14
362.361576,9,"Minor","",105,76,56,10
93.587665,12,"Major","C#",83,53,36,11
1223.481149,9,"Minor","B",77,72,76,42
1022.25823,8,"Minor","B",140,75,25,11
263.45331,11,"Major","C#",158,65,95,92
1435.127549,6,"Major","G",176,75,65,11
236.857112,10,"Major","B",98,73,57,5
147.538971,1,"Minor","B",107,66,40,11
698.08614,2,"Minor","F",109,66,57,12
723.894473,7,"Minor","A#",109,84,74,34
34.450974,3,"Major","",148,53,81,36
403.09745,5,"Minor","F#",158,60,76,19
309.483971,9,"Minor","F",94,74,73,10
319.566866,10,"Minor","F#",96,70,51,10
909.001996,5,"Minor","F",100,80,67,12
1061.966512,9,"Major","A",105,58,68,14
32.526947,3,"Major","",125,53,66,9
124.988687,1,"Minor","F#",170,56,63,19
103.787664,1,"Major","",115,70,90,41
134.25579,1,"Major","G#",122,64,89,15
301.051721,10,"Minor","A#",105,88,80,11
156.338624,11,"Major","F",133,66,84,21
152.850295,1,"Major","",100,79,68,26
309.653982,10,"Minor","D#",120,82,45,9
297.32896,10,"Major","A",177,25,30,13
332.506354,9,"Minor","D",142,64,72,9
480.507035,11,"Minor","E",144,57,84,52
1065.580332,4,"Minor","B",120,65,86,19
122.763672,9,"Major","D",135,92,51,15
445.763624,2,"Major","B",107,81,78,12
1.365184,12,"Major","G",105,82,74,33
184.308753,11,"Minor","F#",108,44,77,9
789.753877,1,"Minor","",147,51,79,14
323.358833,11,"Major","",115,71,88,44
606.361689,4,"Major","F",174,70,64,8
120.972253,1,"Minor","A#",90,68,71,31
338.564981,7,"Minor","E",141,41,25,14
1606.986953,1,"Major","F",82,68,49,8
1301.799902,3,"Major","F",92,47,43,32
140.187018,12,"Minor","G#",116,77,80,15
1897.517891,6,"Minor","A",124,79,86,8
107.642809,1,"Minor","A#",125,71,89,17
551.305895,8,"Major","",90,80,69,27
556.58527,4,"Major","C#",83,46,64,7
2303.033973,10,"Minor","B",124,79,79,10
646.886885,8,"Major","G#",140,58,60,8
222.612678,9,"Major","",154,64,91,72
1814.349763,7,"Minor","D#",150,74,70,5
872.137015,1,"Minor","E",186,41,61,12
571.386359,4,"Minor","G#",166,40,48,12
304.079786,9,"Major","",107,87,83,31
174.006928,9,"Major","G",87,87,52,28
284.785823,8,"Major","G#",82,40,64,7
163.284,12,"Minor","A",114,46,28,21
246.390068,11,"Major","G#",148,47,52,29
482.257456,7,"Major","F#",140,91,57,40
168.684524,10,"Major","G",101,90,81,33
78.489819,1,"Minor","C#",140,81,84,6
195.516622,12,"Minor","G",88,49,66,18
1260.594497,6,"Major","C#",180,64,65,14
428.68568,8,"Major","D",133,95,89,31
1024.858327,9,"Minor","A#",108,63,55,6
838.586769,1,"Minor","F",80,39,43,23
199.386237,8,"Minor","B",75,80,62,11
972.509632,7,"Minor","F#",121,67,64,17
213.43858,9,"Minor","D",140,58,62,20
1555.511105,9,"Minor","B",126,81,90,36
210.038833,10,"Major","C#",102,58,94,9
227.918678,4,"Major","A",82,70,34,11
826.623384,12,"Minor","C#",121,46,78,72
1802.514301,3,"Minor","F#",103,70,83,7
1329.090101,6,"Minor","F",108,82,76,12
181.831132,9,"Minor","F",85,65,47,12
462.791599,3,"Minor","C#",125,84,69,5
348.647203,10,"Major","D",120,69,39,13
366.599607,7,"Major","",94,58,57,10
90.598517,1,"Minor","F#",130,65,80,7
1479.264469,1,"Major","E",110,74,74,29
1449.779435,10,"Major","G",150,34,63,7
1159.176109,1,"Minor","B",107,74,65,46
769.21352,1,"Major","G#",140,70,41,45
741.301563,1,"Major","D",119,74,37,6
807.561936,10,"Major","E",93,35,23,29
834.129063,12,"Major","G",133,46,63,30
663.832097,10,"Major","G",202,24,60,12
446.390129,11,"Major","C#",134,45,24,18
690.104769,1,"Major","C#",105,72,51,9
485.285717,10,"Major","G#",160,51,81,21
520.034544,11,"Major","D",148,50,82,34
476.244795,10,"Major","G",151,65,47,9
629.173063,1,"Minor","F#",162,67,54,9
404.664135,11,"Major","D",92,53,77,32
98.709329,12,"Major","C#",152,65,65,21
110.849052,12,"Minor","A",65,71,26,13
460.492795,12,"Major","D",147,33,61,77
94.005786,12,"Minor","A#",150,73,69,32
395.591396,1,"Major","",140,67,36,15
389.771964,11,"Major","C#",139,36,15,11
403.939487,11,"Major","B",95,75,58,9
481.697415,11,"Major","",115,60,57,27
110.07325,12,"Major","F#",125,62,43,11
88.092256,12,"Major","",76,60,20,11
351.636786,1,"Minor","C#",101,72,87,13
473.248298,1,"Major","D",143,60,32,34
73.981293,12,"Minor","G",119,51,66,9
155.653938,12,"Major","A",78,67,59,15
395.591396,1,"Major","A",96,23,25,40
429.504768,1,"Major","A",180,51,58,18
242.767149,11,"Major","D#",126,34,76,8
65.362788,12,"Major","F",150,43,44,15
67.540165,12,"Major","D",90,53,74,34
62.019074,12,"Major","F",160,72,68,11
135.723538,11,"Major","",114,59,94,10
295.998468,1,"Major","G",113,73,32,15
261.116938,11,"Major","",147,67,72,19
136.689549,11,"Minor","B",100,70,59,10
135.611421,12,"Major","G#",155,49,77,12
356.709897,12,"Minor","G",107,54,39,11
110.649992,12,"Major","G#",112,80,54,38
301.869854,10,"Major","C#",166,70,57,11
127.027715,1,"Minor","F#",107,69,36,8
57.144458,12,"Major","G#",81,47,68,22
56.870689,12,"Major","C#",150,79,46,11
323.437194,10,"Major","A",110,66,32,12
317.726339,10,"Major","G",108,64,40,10
116.144341,9,"Minor","E",130,89,74,7
328.207708,10,"Major","G",164,70,56,9
608.228647,5,"Minor","B",114,80,68,66
180.577478,9,"Major","F",93,63,88,12
809.306935,6,"Minor","C#",90,87,69,9
49.262961,12,"Major","B",128,45,68,39
614.555082,5,"Major","A",97,83,80,24
245.350949,1,"Minor","G",152,69,71,7
178.660459,1,"Major","G#",175,51,34,10
51.641685,12,"Major","D",116,61,55,16
78.139948,12,"Minor","F",80,33,59,44
322.336177,8,"Minor","B",93,63,86,21
1007.612429,8,"Major","E",122,70,54,37
326.792833,1,"Major","G",122,70,79,7
391.251368,1,"Minor","A",135,70,58,16
349.58559,1,"Major","F",109,60,47,31
339.659802,1,"Minor","",93,65,74,32
674.772936,8,"Minor","B",125,85,81,7
432.719968,11,"Minor","",206,58,45,11
1309.887447,6,"Major","G",130,76,77,13
119.238316,1,"Minor","G",121,80,51,9
116.903579,1,"Minor","F#",123,74,73,21
888.046992,6,"Minor","B",122,67,67,30
200.660871,1,"Major","",143,53,79,8
130.655803,8,"Minor","A#",121,70,77,26
1887.039593,5,"Minor","F#",166,56,66,11
88.103848,1,"Major","C#",135,41,64,60
101.114984,1,"Minor","E",87,49,59,35
1575.467011,4,"Major","G#",111,77,66,13
91.656026,1,"Major","D",110,75,84,31
1042.568408,6,"Major","C#",130,66,61,9
1735.441776,9,"Minor","G#",179,61,51,38
726.837877,7,"Minor","F",93,74,73,13
53.933526,1,"Minor","A",78,27,49,49
267.758538,11,"Major","D",180,65,58,4
74.601456,1,"Minor","A",86,28,41,19
920.797189,9,"Minor","C#",88,74,85,5
539.595276,11,"Major","C#",97,68,78,7
1367.810478,12,"Minor","B",134,71,80,36
578.207856,9,"Major","D",116,75,76,10
775.542072,10,"Minor","E",170,64,70,9
863.625566,9,"Minor","C#",140,83,55,14
656.013912,11,"Minor","G",118,75,76,9
1056.760045,7,"Major","",65,31,24,14
611.994237,10,"Minor","",120,56,67,11
1230.855859,5,"Major","D#",176,29,33,12
582.98138,9,"Minor","G#",180,59,61,46
1858.144199,1,"Major","A#",144,59,43,10
240.684449,11,"Minor","F#",133,82,61,14
583.687007,11,"Major","",93,63,52,9
63.803529,1,"Major","A#",122,77,62,23
466.214729,11,"Major","C#",88,53,73,3
236.94048,1,"Minor","F",170,70,44,37
41.924466,1,"Minor","F",94,46,50,10
225.259194,11,"Major","A#",170,65,47,13
393.230256,10,"Minor","E",90,79,70,66
287.201015,12,"Major","G",78,40,29,9
599.770206,3,"Major","D",94,57,58,15
342.779426,10,"Major","D",73,83,41,36
673.801126,8,"Major","C#",176,73,86,7
1168.642797,11,"Minor","D#",128,81,63,10
540.539717,8,"Major","G#",120,58,60,5
383.550148,11,"Major","D",82,63,62,35
530.511203,3,"Major","D",95,77,47,9
37.307967,1,"Major","",118,44,94,4
510.876816,10,"Minor","B",123,75,86,14
1445.941661,3,"Major","",90,63,68,42
1763.363713,10,"Minor","E",110,73,57,11
374.191487,12,"Minor","C#",96,66,82,10
108.80909,1,"Minor","D",88,56,55,23
436.695353,9,"Minor","A",98,73,85,24
421.040617,9,"Minor","",110,72,68,14
501.541661,7,"Major","",80,70,49,12
354.065229,9,"Minor","C#",110,86,53,11
1143.647827,5,"Major","G#",110,79,36,6
311.395144,1,"Minor","C#",78,77,42,13
672.65625,6,"Major","G#",129,83,62,8
1256.880657,4,"Major","A",181,44,60,42
1692.897992,8,"Minor","F#",114,75,77,9
245.095641,11,"Major","D",144,74,65,11
686.734357,1,"Major","D",101,66,68,12
261.414174,10,"Major","D",84,67,63,12
610.045621,7,"Major","F#",154,66,69,11
1115.880852,3,"Major","F",148,59,62,9
594.482982,9,"Minor","F",146,85,37,7
566.954746,8,"Minor","B",120,77,79,26
374.70694,11,"Minor","",136,77,30,13
184.937148,11,"Major","C#",141,59,63,6
31.959571,1,"Minor","A",108,46,48,14
167.076418,11,"Major","",94,42,36,9
824.420218,5,"Major","A",180,35,94,5
363.467642,9,"Major","A#",122,77,79,16
1127.468248,10,"Major","A#",85,59,52,12
60.680939,1,"Major","C#",148,68,73,7
247.737946,12,"Major","A",120,83,73,5
1699.402402,7,"Minor","G",91,70,72,27
154.797871,11,"Major","E",120,72,71,10
198.883004,11,"Major","",106,86,79,8
124.407432,1,"Major","A#",110,63,35,29
850.608354,5,"Major","F#",169,39,45,8
376.33303,8,"Major","C#",118,80,55,26
516.784627,6,"Minor","G#",92,91,66,9
1608.045237,11,"Major","D#",112,45,60,9
506.778838,12,"Major","D",140,79,91,13
1472.799873,11,"Major","G#",105,73,76,5
513.643924,7,"Major","F",178,76,77,15
261.286503,12,"Minor","G",108,96,42,8
783.706581,5,"Major","A",173,40,29,34
422.691058,5,"Major","C#",101,67,90,34
1062.345656,1,"Minor","G#",120,80,62,11
1252.563873,10,"Major","",144,73,80,9
851.070493,3,"Major","C#",133,75,61,18
263.894529,10,"Minor","G#",158,46,83,97
345.903614,10,"Major","A",120,81,90,8
951.637566,2,"Major","",129,61,46,13
956.865266,11,"Major","G",102,74,89,26
427.486004,8,"Minor","G#",124,79,84,5
156.658366,4,"Minor","E",90,73,45,11
624.515457,4,"Minor","F#",161,78,52,12
777.765388,3,"Major","G",120,60,33,8
412.795151,7,"Major","",81,45,57,23
1138.47411,1,"Minor","E",150,78,70,15
355.219175,9,"Major","G#",105,76,84,13
290.228626,8,"Major","F#",79,63,67,6
1062.956628,10,"Minor","C#",146,52,61,11
1180.094974,4,"Major","E",124,64,37,9
1456.081449,1,"Major","F#",126,53,85,24
432.702334,8,"Major","G#",121,75,74,11
489.945871,9,"Minor","B",136,80,60,32
465.959382,6,"Minor","A",102,77,63,11
1223.481149,10,"Major","G",77,73,74,41
2864.791672,5,"Minor","F#",98,82,59,18
2288.695111,6,"Minor","B",84,44,48,33
720.825549,1,"Major","G#",102,89,82,17
2086.124197,8,"Major","G#",120,42,26,13
1690.192927,9,"Major","C#",117,52,91,11
991.336132,3,"Minor","A",72,45,33,14
593.917618,9,"Major","C#",168,67,47,22
200.972675,11,"Major","C#",94,52,69,33
71.014967,1,"Major","G#",145,41,88,26
560.22275,8,"Major","C#",134,71,61,23
1806.617704,9,"Major","C#",148,35,93,10
77.337771,1,"Minor","E",127,60,89,60
528.544703,6,"Minor","F#",172,74,66,8
865.640097,11,"Major","B",90,75,46,34
2159.346687,9,"Major","G",96,57,40,26
211.372494,1,"Minor","G",138,74,67,36
651.732901,4,"Major","G",120,72,72,13
608.334048,7,"Major","A",125,70,74,34
863.756573,1,"Major","D",123,82,86,30
797.402345,4,"Major","F#",81,79,54,13
1695.71202,5,"Major","C#",171,55,85,8
1759.567999,9,"Major","B",91,77,32,8
223.319934,8,"Minor","G",84,56,76,14
54.937991,1,"Minor","F",115,90,54,13
226.897599,12,"Major","",125,69,89,49
258.316038,10,"Minor","F#",122,80,69,13
596.15209,4,"Major","D",92,85,54,29
177.129919,11,"Minor","F#",90,63,75,11
716.591492,2,"Minor","E",94,84,70,14
1210.599487,1,"Major","B",93,81,78,6
246.37669,2,"Minor","D",130,51,76,10
496.311364,2,"Minor","G",180,35,61,19
146.789379,2,"Major","",134,53,31,28
843.309044,1,"Minor","D#",95,92,89,8
500.340342,1,"Major","F#",184,69,63,9
107.255472,2,"Minor","G#",147,47,80,32
135.079152,2,"Major","G",123,52,60,26
822.239726,1,"Minor","A#",123,91,61,17
1202.722675,1,"Minor","F#",90,90,71,7
343.197054,2,"Minor","D",160,61,64,12
240.769997,8,"Major","C#",115,60,71,48
426.20483,8,"Major","D#",141,37,67,34
421.135627,8,"Major","A",160,31,88,8
554.87573,10,"Major","B",145,57,66,15
467.727006,6,"Minor","",89,46,43,8
327.498031,7,"Minor","F",95,84,72,15
185.408548,12,"Major","D",160,60,62,38
245.400167,1,"Minor","F",174,67,75,7
579.395142,12,"Major","G",92,77,84,38
675.039469,1,"Major","G#",134,93,74,17
252.871192,11,"Minor","B",172,31,86,28
231.996128,12,"Major","A",80,76,62,8
1929.770265,3,"Minor","C#",150,91,60,9
918.915401,11,"Minor","F#",80,78,74,45
1180.896317,1,"Minor","A#",166,81,75,29
498.960285,10,"Major","G#",120,67,54,8
685.0718,2,"Major","",92,86,79,11
258.714692,1,"Minor","G#",85,74,52,26
143.139338,1,"Minor","D",154,79,52,9
209.768491,10,"Minor","D",92,73,74,14
64.714573,2,"Major","B",140,89,70,13
50.74662,2,"Major","C#",89,65,60,10
154.119539,1,"Minor","F",135,89,86,8
181.328253,11,"Minor","G#",140,51,53,11
370.068639,7,"Major","D#",82,47,76,9
2280.566092,1,"Major","D",79,78,45,18
563.902868,10,"Major","F",88,31,63,21
317.622165,12,"Major","F",139,44,38,12
291.709698,1,"Minor","",124,73,83,90
203.68027,10,"Minor","G#",80,39,55,9
81.350745,2,"Minor","C#",120,84,51,12
282.883169,10,"Minor","E",80,56,46,11
64.787943,2,"Major","C#",117,92,86,24
2484.812918,6,"Minor","A",117,76,52,8
461.437791,5,"Minor","F",140,62,73,67
1439.191367,12,"Major","G#",99,68,77,10
759.208783,2,"Major","C#",93,74,87,8
368.646862,9,"Major","G#",106,44,20,11
299.634472,3,"Major","G",124,81,63,10
756.907987,3,"Major","G#",95,76,70,33
682.475162,1,"Minor","A#",96,87,53,5
546.191065,11,"Minor","E",92,81,73,9
229.47331,3,"Major","G",124,95,37,10
202.677468,3,"Major","F#",72,64,44,12
121.913181,2,"Minor","",71,28,20,30
208.166039,2,"Minor","A",135,78,57,10
527.033089,5,"Major","A#",95,81,70,5
94.616487,3,"Minor","C#",71,59,74,11
394.030335,4,"Minor","A#",180,80,68,10
193.443895,2,"Minor","E",150,65,58,12
299.648208,2,"Major","G#",189,55,44,7
182.978249,2,"Major","",85,72,64,7
319.757142,2,"Major","G",140,59,45,34
109.091573,7,"Major","",81,77,70,17
153.240879,2,"Minor","D",104,80,65,9
346.12784,9,"Major","B",129,42,44,8
312.622938,2,"Minor","C#",94,76,80,25
2197.010679,10,"Minor","",71,41,40,30
1200.808494,3,"Minor","A",146,59,46,15
797.196073,3,"Minor","F#",103,69,88,29
1970.673297,1,"Major","D",124,53,78,16
665.765558,5,"Minor","A#",164,70,58,7
263.77903,9,"Major","D",138,69,57,10
339.473453,10,"Minor","A",126,67,46,10
2204.080728,2,"Minor","B",103,61,65,17
2591.224264,5,"Major","G#",95,75,52,11
135.444283,2,"Minor","B",200,39,77,6
1457.139296,1,"Major","",129,86,52,10
236.872197,6,"Minor","F#",98,68,43,36
694.525298,4,"Major","G#",107,91,56,11
240.661097,3,"Major","",174,58,83,7
421.365166,2,"Major","G#",92,45,67,13
349.746291,3,"Major","G",90,81,83,11
255.120451,3,"Major","F",147,60,69,58
190.981339,4,"Major","C#",143,68,55,10
924.193303,1,"Minor","D#",101,76,71,10
305.771063,4,"Minor","C#",118,70,71,33
273.005485,3,"Minor","G",98,83,74,16
89.566512,4,"Minor","C#",138,72,46,9
677.389855,1,"Minor","F",114,59,62,8
75.476209,4,"Minor","G",180,63,64,9
408.843328,9,"Major","B",145,56,57,13
187.772591,1,"Minor","G#",115,78,64,7
178.512385,3,"Major","A#",82,79,84,21
101.780047,4,"Major","D",166,70,61,10
118.381354,3,"Major","",92,86,79,60
146.36313,4,"Major","F#",108,71,44,11
126.443991,3,"Minor","E",84,71,45,11
157.990698,3,"Minor","D#",95,69,91,35
176.290831,3,"Minor","D#",135,93,45,13
1023.187129,12,"Major","E",110,57,27,9
106.933107,11,"Major","G",88,89,64,19
139.193812,3,"Minor","C#",119,87,50,10
212.23499,3,"Major","C#",120,58,80,7
1714.490998,9,"Major","D",122,86,80,9
197.643795,3,"Major","F",98,78,75,27
807.015863,12,"Minor","E",140,45,84,13
933.815613,1,"Minor","F#",116,79,81,10
499.71059,6,"Major","D#",124,86,49,35
120.847157,2,"Minor","A",105,91,72,9
53.909146,4,"Major","G#",118,68,58,6
2236.667932,6,"Major","E",108,61,38,10
2123.309722,11,"Major","E",100,61,38,28
301.242089,5,"Minor","D#",140,81,66,12
723.894473,4,"Minor","A#",109,84,74,34
237.351106,5,"Minor","C#",101,78,74,17
461.55854,5,"Major","F",78,56,90,18
417.230415,5,"Minor","",93,79,55,12
156.898322,5,"Major","G#",87,52,83,17
127.30918,5,"Minor","A#",153,55,78,11
313.113297,5,"Major","",142,87,59,17
173.702135,5,"Minor","A#",96,85,43,12
271.666301,5,"Major","",125,50,78,11
305.650299,5,"Major","A#",85,71,65,9
123.216717,5,"Minor","C#",140,92,57,14
479.655659,5,"Minor","B",196,66,79,22
126.191104,5,"Major","G",134,78,43,14
344.055883,5,"Minor","C#",103,80,62,10
338.422004,5,"Major","C#",130,82,67,13
68.895644,5,"Major","B",108,65,69,8
86.17689,5,"Major","G#",123,61,71,32
403.231558,5,"Major","B",152,84,69,18
319.546754,5,"Major","D",108,78,60,7
61.739839,5,"Minor","A#",72,56,47,8
283.359161,5,"Minor","F#",121,86,65,35
76.831876,5,"Minor","D#",138,57,82,15
283.332261,5,"Minor","F",188,50,50,12
307.752576,2,"Major","C#",110,80,85,11
279.73794,5,"Major","G#",105,81,79,47
212.35189,5,"Major","G#",118,63,70,9
1304.313953,5,"Major","D",176,61,62,24
150.500965,5,"Major","B",158,83,65,11
246.127838,5,"Minor","C#",115,85,58,49
582.863434,1,"Minor","B",110,51,82,5
58.687425,5,"Major","A",174,73,54,34
212.109195,4,"Major","E",130,91,96,3
382.199619,4,"Major","A#",78,36,54,14
41.210087,5,"Major","G",104,44,42,9
231.657891,5,"Major","G",121,64,88,12
53.729194,3,"Major","D",105,83,82,12
244.741137,4,"Major","G",81,38,66,9
42.485571,5,"Minor","C#",170,37,24,11
37.778188,5,"Major","G",78,43,38,48
254.218729,4,"Major","G#",125,88,66,13
53.603447,5,"Minor","E",92,66,65,8
160.035717,4,"Minor","B",140,84,42,9
164.163229,4,"Major","",96,61,90,10
37.091576,5,"Minor","F",118,66,43,19
284.249832,2,"Minor","B",92,71,60,6
33.381454,5,"Minor","G#",140,49,37,11
184.622518,4,"Major","C#",174,68,71,11
300.983101,1,"Major","A#",127,77,78,29
121.077868,5,"Major","B",96,71,52,11
106.91968,4,"Minor","G#",150,82,66,11
136.996305,4,"Major","F#",100,87,60,13
65.71993,12,"Minor","C#",105,73,81,9
229.497852,5,"Major","G",104,86,62,13
185.550869,3,"Major","G#",154,54,79,17
54.682594,2,"Major","B",80,47,83,10
240.580042,4,"Major","D#",150,53,43,13
1284.942608,3,"Minor","B",156,32,72,9
71.423324,5,"Minor","G#",98,76,81,6
244.891912,11,"Major","G",92,58,36,9
132.171975,5,"Major","E",144,47,50,7
184.706613,10,"Major","E",150,37,56,13
184.826429,8,"Major","D#",138,70,44,9
302.006641,6,"Major","C#",172,56,89,33
330.881149,6,"Major","G#",77,72,82,4
334.733572,5,"Major","B",107,72,72,11
366.214458,5,"Major","D",114,51,29,10
114.546317,6,"Major","D",117,63,51,25
290.833204,5,"Major","",146,69,45,18
448.500832,5,"Minor","G#",160,80,60,14
136.676504,6,"Major","G",120,88,56,8
190.625045,5,"Minor","B",100,82,70,8
79.09527,6,"Minor","G#",158,60,84,24
273.194684,5,"Major","D#",142,56,54,10
333.146475,5,"Minor","A",170,80,85,17
194.902696,5,"Minor","F",84,71,86,51
311.482393,5,"Major","",139,58,46,9
195.918494,1,"Major","G",151,73,67,32
248.511839,6,"Minor","C#",128,82,75,63
233.671263,5,"Major","G",118,56,54,6
199.587884,5,"Major","F",183,65,72,20
91.781263,6,"Minor","D#",83,63,62,18
383.835984,2,"Major","C#",122,85,80,17
236.060709,5,"Major","A",165,72,48,18
189.236868,5,"Minor","A",106,83,64,9
160.845341,5,"Major","B",77,81,58,11
588.955257,1,"Major","G#",91,57,89,33
238.350348,5,"Major","G",148,51,63,41
187.703102,5,"Minor","E",114,71,81,13
295.307001,6,"Minor","",120,91,77,10
138.334433,6,"Major","F#",92,83,82,9
445.590495,11,"Major","F",118,56,45,7
286.739476,3,"Minor","E",123,60,71,16
1122.364376,9,"Major","D#",89,52,48,19
157.13697,6,"Minor","F",110,81,93,12
137.070925,5,"Major","",118,42,20,11
183.273246,5,"Minor","B",90,68,76,11
184.80763,5,"Major","",130,49,40,11
164.856284,5,"Minor","F#",154,70,62,10
704.171068,3,"Minor","E",105,54,83,20
354.614964,6,"Minor","C#",115,70,88,26
279.717388,6,"Major","C#",110,91,82,6
195.628667,6,"Minor","E",125,51,68,15
221.752937,6,"Major","C#",102,73,75,34
263.28037,2,"Minor","G#",120,81,65,14
213.505179,6,"Major","D",97,80,86,3
130.419412,3,"Minor","F",140,44,92,44
155.795783,7,"Major","D",97,78,72,11
1553.497987,1,"Major","F#",125,45,90,10
293.466523,5,"Minor","D#",88,80,56,8
711.366595,3,"Major","",170,56,64,45
191.448892,6,"Minor","A#",137,88,49,9
85.924992,7,"Major","A",157,88,69,8
176.103902,6,"Major","F#",130,95,57,10
121.189256,7,"Major","C#",90,85,83,8
131.746175,6,"Minor","G#",183,44,67,12
244.790012,5,"Major","C#",128,58,91,27
129.314708,6,"Minor","D#",130,71,40,7
331.511413,8,"Major","C#",126,63,43,12
219.196651,8,"Major","",120,77,87,23
170.732845,8,"Minor","E",130,72,46,28
273.914335,12,"Major","",122,70,76,9
179.06144,8,"Minor","G#",172,74,58,13
185.236961,7,"Major","G#",103,61,62,23
171.788484,7,"Minor","A#",122,55,64,17
387.080183,9,"Major","B",130,47,90,10
264.71748,8,"Minor","A#",105,81,65,8
244.928911,3,"Major","F",120,90,51,9
97.610446,7,"Major","G",145,56,53,12
287.278853,7,"Minor","G",99,79,59,11
887.906111,1,"Minor","A#",88,79,65,25
123.47312,7,"Major","A",126,81,73,29
295.152154,8,"Major","",136,77,75,13
323.455692,2,"Major","G#",113,70,59,27
240.918092,6,"Major","B",132,82,88,21
191.873381,5,"Major","G#",135,77,74,34
284.216603,11,"Major","",126,67,77,19
239.411309,9,"Minor","C#",102,67,74,36
265.548837,8,"Major","",125,68,92,9
703.301727,1,"Major","C#",149,37,66,9
244.585109,6,"Major","",137,74,89,15
189.476119,8,"Minor","D#",120,77,91,33
277.132266,1,"Major","C#",100,90,50,9
278.920007,6,"Minor","G#",164,70,57,15
222.410722,6,"Minor","A#",93,65,66,22
185.392587,9,"Minor","C#",180,65,80,6
202.45286,7,"Major","C#",79,34,31,10
1608.164312,8,"Major","F",146,56,44,11
624.101957,7,"Major","C#",103,37,27,10
148.461629,9,"Minor","E",140,70,76,54
47.093942,9,"Major","A#",92,81,70,15
380.319238,6,"Minor","C#",102,64,60,19
209.106362,7,"Minor","B",118,82,85,11
53.987404,9,"Major","D",93,78,62,15
115.331792,6,"Minor","F",150,70,56,11
225.093344,10,"Major","D",130,52,60,8
84.697729,10,"Minor","D#",83,65,53,51
159.240673,8,"Major","A",102,84,75,6
170.709584,10,"Minor","E",136,73,91,48
154.356956,5,"Major","A",145,66,58,19
723.043854,11,"Major","G",130,57,37,16
247.689123,7,"Major","G",156,72,77,8
176.474912,9,"Major","D",123,57,85,16
235.549288,9,"Major","G",132,92,62,63
140.430339,12,"Minor","D#",125,49,74,9
85.559365,10,"Minor","F",162,74,67,11
146.223492,9,"Major","A#",138,80,81,13
187.701588,7,"Minor","A#",161,59,60,5
154.863153,11,"Minor","G#",131,91,55,7
191.333656,11,"Minor","E",122,75,63,35
253.65085,10,"Minor","E",80,80,28,12
223.064273,10,"Major","G",109,75,50,30
170.413877,11,"Major","A",158,84,36,39
218.320587,10,"Major","E",126,66,35,9
141.720999,11,"Major","C#",104,73,61,32
187.339835,10,"Major","",110,48,31,12
198.365537,11,"Major","G",130,77,70,16
186.10431,10,"Major","",177,34,16,12
177.503916,10,"Major","G",158,48,84,15
71.095708,11,"Minor","D",114,62,44,14
112.436403,11,"Major","F",144,93,61,12
203.436468,10,"Major","F",125,54,76,14
93.367537,11,"Minor","F",142,85,43,39
106.249219,11,"Major","D",120,64,53,25
181.38259,10,"Major","F",96,57,74,8
91.473363,11,"Major","A",144,60,39,8
121.87187,10,"Major","F#",166,42,24,12
73.513683,11,"Major","C#",92,80,67,8
133.895612,10,"Major","C#",97,82,77,12
96.007391,11,"Minor","E",90,61,67,11
